Age,Gender,Employment Status,Monthly Income (LKR),Credit Score,Loan Amount (LKR),Loan Tenure (Years),Debt-to-Income Ratio,Is_SriLankan,Premium Payment Status,Loan Approved
40,Male,Part-Time,332731,757,2000000,7,0.2321896062666695,Yes,Pays,Yes
24,Male,Part-Time,96886,421,2000000,3,0.2941675587598844,Yes,Doesn't Pay,No
26,Female,Part-Time,373423,500,2000000,9,0.7794981949915099,Yes,Pays,No
45,Male,Self-Employed,181856,880,2000000,7,0.3494431423925445,Yes,Pays,No
21,Male,Self-Employed,178471,466,2000000,3,0.3640738612507745,Yes,Doesn't Pay,No
52,Male,Full-Time,316574,818,2000000,8,0.4212555253241054,Yes,Doesn't Pay,No
37,Female,Full-Time,227207,854,2000000,4,0.8936753420813703,Yes,Doesn't Pay,No
54,Female,Unemployed,170458,806,2000000,7,0.09260794621199397,Yes,Doesn't Pay,No
62,Female,Self-Employed,144077,778,2000000,4,0.009143308402003059,Yes,Pays,Yes
40,Male,Unemployed,469774,796,2000000,7,0.4095033489793591,Yes,Pays,No
48,Female,Unemployed,214681,316,2000000,7,0.00122326500382941,Yes,Doesn't Pay,No
48,Male,Unemployed,195281,479,2000000,7,0.6282938506985977,Yes,Doesn't Pay,No
51,Female,Self-Employed,93877,477,2000000,9,0.1816559557040153,No,Doesn't Pay,No
63,Male,Unemployed,122283,804,2000000,10,0.9492665181051207,Yes,Pays,No
21,Female,Self-Employed,343004,687,2000000,9,0.3977715810227509,Yes,Doesn't Pay,No
34,Male,Self-Employed,318087,465,2000000,7,0.9729651823272811,Yes,Doesn't Pay,No
29,Female,Self-Employed,189005,676,2000000,5,0.3867999323189174,Yes,Pays,No
53,Male,Self-Employed,492115,629,2000000,7,0.438036101976924,Yes,Doesn't Pay,No
25,Male,Full-Time,390530,480,2000000,10,0.1571442920153967,No,Pays,No
47,Female,Unemployed,403588,732,2000000,9,0.9936698546699241,Yes,Doesn't Pay,No
33,Female,Self-Employed,54580,704,2000000,7,0.7883652863180669,Yes,Pays,No
46,Male,Part-Time,143780,439,2000000,4,0.08524822417871492,No,Pays,No
56,Female,Part-Time,60970,330,2000000,8,0.354664329046873,Yes,Pays,No
24,Female,Part-Time,348373,418,2000000,9,0.4159233507769996,Yes,Doesn't Pay,No
38,Female,Part-Time,426327,422,2000000,4,0.5157967447142402,Yes,Doesn't Pay,No
25,Female,Part-Time,467483,849,2000000,10,0.3261794802149135,Yes,Doesn't Pay,No
58,Male,Part-Time,187372,508,2000000,9,0.9659619583565598,Yes,Pays,No
48,Female,Full-Time,468108,643,2000000,10,0.5379744956692561,Yes,Doesn't Pay,No
57,Male,Part-Time,229125,557,2000000,4,0.1226795754067116,Yes,Pays,Yes
54,Female,Self-Employed,263176,741,2000000,5,0.5933622858949148,Yes,Pays,No
43,Male,Unemployed,316406,819,2000000,5,0.1752806747902315,Yes,Doesn't Pay,No
38,Male,Unemployed,327438,499,2000000,9,0.9333807418030904,Yes,Pays,No
63,Male,Unemployed,82224,835,2000000,10,0.7773511253553367,Yes,Doesn't Pay,No
55,Female,Self-Employed,296685,524,2000000,3,0.1825379568677241,Yes,Pays,Yes
34,Female,Part-Time,289315,882,2000000,7,0.3661995563187214,Yes,Pays,No
25,Female,Part-Time,202928,737,2000000,7,0.1912369968107372,Yes,Doesn't Pay,No
49,Male,Self-Employed,129480,608,2000000,9,0.4365170603344982,Yes,Pays,No
53,Female,Part-Time,411929,789,2000000,3,0.3762065243024632,Yes,Doesn't Pay,No
33,Female,Self-Employed,308718,724,2000000,7,0.2568633647429142,Yes,Doesn't Pay,No
63,Female,Part-Time,428323,726,2000000,3,0.6317980436306426,Yes,Pays,No
59,Female,Part-Time,66926,800,2000000,9,0.9590650591060742,Yes,Pays,No
38,Male,Unemployed,272293,673,2000000,3,0.066210244127348,Yes,Pays,Yes
32,Male,Self-Employed,181817,451,2000000,3,0.7445649961841752,Yes,Doesn't Pay,No
42,Female,Part-Time,285336,349,2000000,9,0.9684305970474338,Yes,Pays,No
41,Male,Part-Time,159857,679,2000000,4,0.9931281857026646,Yes,Doesn't Pay,No
49,Male,Unemployed,285787,370,2000000,10,0.5504133381444124,Yes,Pays,No
55,Female,Part-Time,444076,621,2000000,3,0.7652148187615234,Yes,Doesn't Pay,No
65,Male,Unemployed,285965,701,2000000,8,0.9670004803141719,Yes,Pays,No
29,Female,Unemployed,125516,583,2000000,8,0.9189783693230956,Yes,Doesn't Pay,No
34,Female,Full-Time,90777,440,2000000,4,0.6536865471254574,Yes,Doesn't Pay,No
53,Male,Self-Employed,487883,488,2000000,5,0.7048766932288167,Yes,Pays,No
47,Female,Self-Employed,351499,575,2000000,4,0.5339052426783027,Yes,Pays,No
23,Male,Self-Employed,229048,896,2000000,9,0.9825116782488355,Yes,Doesn't Pay,No
63,Female,Unemployed,412018,793,2000000,7,0.1826059496115062,Yes,Doesn't Pay,No
27,Male,Self-Employed,460869,787,2000000,9,0.2629256671000068,Yes,Pays,Yes
59,Female,Unemployed,289350,333,2000000,9,0.8704854435800735,Yes,Pays,No
23,Female,Self-Employed,72108,817,2000000,4,0.7143529642043576,Yes,Doesn't Pay,No
59,Male,Self-Employed,101434,402,2000000,10,0.1176989262994043,Yes,Pays,Yes
43,Female,Unemployed,395943,782,2000000,8,0.1424540007788145,No,Pays,No
50,Female,Self-Employed,420602,438,2000000,10,0.8322815271346247,Yes,Pays,No
44,Female,Full-Time,262695,598,2000000,3,0.6233985304015542,Yes,Pays,No
43,Female,Part-Time,295040,480,2000000,8,0.170686069708057,Yes,Doesn't Pay,No
50,Male,Self-Employed,299014,548,2000000,4,0.01883415474657413,No,Doesn't Pay,No
57,Male,Self-Employed,190233,478,2000000,9,0.5829258875597558,Yes,Pays,No
48,Female,Full-Time,136174,522,2000000,4,0.2136065543666914,Yes,Pays,Yes
23,Female,Unemployed,204219,464,2000000,3,0.7990569507142956,Yes,Doesn't Pay,No
39,Male,Self-Employed,362239,645,2000000,8,0.9426222749650707,Yes,Doesn't Pay,No
29,Female,Part-Time,187903,470,2000000,10,0.3064380994784842,Yes,Doesn't Pay,No
51,Female,Full-Time,99865,530,2000000,4,0.3175954080284011,Yes,Pays,No
35,Male,Part-Time,197603,421,2000000,5,0.5299499144521594,Yes,Pays,No
28,Female,Self-Employed,281049,748,2000000,9,0.02627510016787937,Yes,Pays,Yes
51,Female,Part-Time,334300,784,2000000,8,0.5821978433568752,Yes,Doesn't Pay,No
21,Male,Self-Employed,399923,884,2000000,4,0.5402693945429868,Yes,Doesn't Pay,No
54,Male,Part-Time,342569,454,2000000,7,0.1480595344974143,Yes,Doesn't Pay,No
50,Female,Part-Time,452060,579,2000000,8,0.4924914291410891,Yes,Pays,No
50,Female,Unemployed,191846,465,2000000,3,0.6712675820936553,Yes,Doesn't Pay,No
65,Male,Unemployed,135037,643,2000000,5,0.4903957782399752,Yes,Doesn't Pay,No
59,Male,Part-Time,399350,414,2000000,8,0.1498657245018422,Yes,Doesn't Pay,No
32,Female,Self-Employed,101891,604,2000000,9,0.6497676636425356,Yes,Doesn't Pay,No
27,Male,Self-Employed,104524,341,2000000,5,0.0221159359290366,Yes,Doesn't Pay,No
65,Female,Unemployed,110030,546,2000000,10,0.4569566861482973,No,Doesn't Pay,No
64,Male,Full-Time,289544,398,2000000,10,0.7404902453230997,Yes,Doesn't Pay,No
25,Female,Full-Time,341929,443,2000000,7,0.4241259531880518,No,Pays,No
32,Male,Part-Time,365913,341,2000000,7,0.9702737385231499,Yes,Doesn't Pay,No
60,Male,Full-Time,237538,769,2000000,5,0.4689708647981912,Yes,Doesn't Pay,No
42,Female,Self-Employed,402638,500,2000000,3,0.8294796212018661,Yes,Doesn't Pay,No
44,Male,Part-Time,314149,599,2000000,4,0.5370879199661835,Yes,Doesn't Pay,No
32,Female,Full-Time,94372,814,2000000,9,0.3734168076172243,Yes,Doesn't Pay,No
51,Female,Full-Time,139469,356,2000000,10,0.0643911373677235,Yes,Pays,Yes
41,Female,Part-Time,425819,797,2000000,10,0.3403306912639044,Yes,Doesn't Pay,No
36,Female,Self-Employed,456728,574,2000000,10,0.3705131148130614,Yes,Doesn't Pay,No
37,Male,Part-Time,165759,824,2000000,8,0.1399017777456333,No,Doesn't Pay,No
41,Male,Unemployed,156860,750,2000000,10,0.3185447166538891,Yes,Doesn't Pay,No
51,Female,Unemployed,371036,677,2000000,3,0.007240975568311159,Yes,Pays,Yes
48,Female,Part-Time,390143,885,2000000,8,0.2161025708501153,No,Pays,No
39,Male,Unemployed,495175,702,2000000,5,0.1179755360087948,Yes,Doesn't Pay,No
60,Female,Full-Time,79342,381,2000000,9,0.5946694938286241,Yes,Pays,No
46,Male,Unemployed,394567,334,2000000,8,0.1268226242204196,Yes,Pays,Yes
36,Male,Unemployed,417376,638,2000000,8,0.1353520860180332,Yes,Doesn't Pay,No
30,Male,Unemployed,156024,603,2000000,9,0.5702038850046307,Yes,Doesn't Pay,No
57,Male,Unemployed,328909,451,2000000,9,0.2930893095146436,Yes,Doesn't Pay,No
23,Male,Self-Employed,294048,613,2000000,8,0.1538843356074322,Yes,Doesn't Pay,No
38,Male,Self-Employed,309862,354,2000000,7,0.002756205793992272,Yes,Pays,Yes
21,Female,Part-Time,378365,664,2000000,4,0.9022565593718527,Yes,Doesn't Pay,No
49,Male,Part-Time,499944,594,2000000,9,0.5707874282875641,Yes,Doesn't Pay,No
50,Male,Unemployed,210535,607,2000000,10,0.64397484278321,Yes,Doesn't Pay,No
22,Male,Unemployed,292054,810,2000000,7,0.5692545274257927,Yes,Doesn't Pay,No
33,Female,Self-Employed,481665,638,2000000,3,0.0763100073378149,Yes,Pays,Yes
65,Female,Self-Employed,471581,556,2000000,8,0.1315618724613119,No,Doesn't Pay,No
24,Male,Self-Employed,221537,888,2000000,4,0.1894568311348825,Yes,Doesn't Pay,No
27,Male,Unemployed,58698,602,2000000,3,0.6825708545049888,Yes,Pays,No
41,Female,Self-Employed,432285,577,2000000,9,0.1265233442848868,Yes,Doesn't Pay,No
63,Male,Unemployed,382299,776,2000000,5,0.2107138363379341,Yes,Pays,Yes
40,Female,Full-Time,208688,417,2000000,5,0.6290277475059636,Yes,Doesn't Pay,No
54,Male,Self-Employed,247536,647,2000000,4,0.4155169832595352,Yes,Doesn't Pay,No
33,Male,Unemployed,186155,628,2000000,8,0.6611161222460203,Yes,Doesn't Pay,No
24,Male,Part-Time,234075,334,2000000,4,0.4465916357809181,Yes,Doesn't Pay,No
30,Female,Part-Time,120137,705,2000000,10,0.5093599160960188,Yes,Pays,No
53,Male,Full-Time,57009,341,2000000,9,0.2518600145108215,Yes,Doesn't Pay,No
53,Male,Unemployed,409212,781,2000000,5,0.9820298837715241,Yes,Doesn't Pay,No
60,Female,Full-Time,372183,388,2000000,8,0.8797321904664263,Yes,Pays,No
56,Female,Unemployed,56172,567,2000000,10,0.2769800783283973,Yes,Doesn't Pay,No
45,Male,Part-Time,97713,816,2000000,5,0.8818039173365743,Yes,Pays,No
63,Female,Self-Employed,429586,347,2000000,10,0.6365761108095195,No,Pays,No
35,Female,Unemployed,468967,680,2000000,3,0.1909187034082929,Yes,Pays,Yes
44,Female,Self-Employed,127604,695,2000000,10,0.36881258394789,Yes,Doesn't Pay,No
54,Male,Full-Time,198151,322,2000000,9,0.7910956855556405,Yes,Doesn't Pay,No
28,Male,Unemployed,418424,453,2000000,4,0.8275193613494753,Yes,Pays,No
23,Male,Self-Employed,394859,858,2000000,8,0.3347733594403214,Yes,Doesn't Pay,No
35,Male,Self-Employed,78226,743,2000000,10,0.9665139938409241,No,Doesn't Pay,No
50,Female,Part-Time,291910,402,2000000,5,0.7766264731347388,Yes,Pays,No
64,Male,Part-Time,67185,337,2000000,5,0.8635193048588683,Yes,Pays,No
48,Male,Self-Employed,457966,850,2000000,8,0.657103018456905,Yes,Pays,No
47,Female,Unemployed,399902,568,2000000,8,0.2644221637604541,Yes,Pays,Yes
54,Male,Full-Time,496396,494,2000000,7,0.592907593946749,Yes,Pays,No
45,Female,Part-Time,320487,593,2000000,7,0.3891157915692591,Yes,Pays,No
51,Male,Full-Time,388454,708,2000000,8,0.8553099972054766,Yes,Doesn't Pay,No
29,Male,Full-Time,268490,503,2000000,5,0.9223071659891878,Yes,Doesn't Pay,No
59,Female,Full-Time,53619,782,2000000,3,0.6326096641888089,Yes,Pays,No
48,Female,Unemployed,357723,534,2000000,10,0.9958258949743768,Yes,Pays,No
34,Male,Full-Time,116948,510,2000000,9,0.281259878942137,Yes,Doesn't Pay,No
23,Male,Part-Time,153974,754,2000000,7,0.8964889383963023,Yes,Pays,No
36,Female,Full-Time,186470,695,2000000,5,0.5620399232178421,Yes,Doesn't Pay,No
24,Male,Full-Time,307248,781,2000000,9,0.6564456537071697,No,Doesn't Pay,No
49,Male,Self-Employed,323949,536,2000000,7,0.4629703196771249,Yes,Pays,No
29,Male,Full-Time,490235,765,2000000,3,0.3394659347132548,Yes,Doesn't Pay,No
26,Female,Full-Time,87273,758,2000000,4,0.8545160208956902,No,Pays,No
60,Female,Full-Time,454169,849,2000000,10,0.5798783826044438,Yes,Pays,No
23,Female,Full-Time,323266,763,2000000,10,0.161436639105682,Yes,Pays,Yes
33,Female,Unemployed,194687,558,2000000,7,0.1504711472518343,Yes,Doesn't Pay,No
28,Female,Part-Time,61681,408,2000000,3,0.08307587197580746,Yes,Doesn't Pay,No
45,Male,Self-Employed,148023,508,2000000,4,0.1658021312665187,Yes,Pays,Yes
45,Female,Full-Time,381079,756,2000000,9,0.01502131995789946,No,Doesn't Pay,No
31,Male,Full-Time,375343,465,2000000,10,0.6106683173199663,No,Doesn't Pay,No
58,Male,Self-Employed,344905,303,2000000,7,0.985141599889801,Yes,Pays,No
60,Female,Self-Employed,497033,508,2000000,7,0.8072160221823413,Yes,Doesn't Pay,No
45,Male,Part-Time,183623,811,2000000,3,0.2925587846622527,Yes,Pays,Yes
47,Female,Full-Time,85009,744,2000000,3,0.0210648074912434,Yes,Pays,Yes
38,Female,Unemployed,230321,648,2000000,3,0.8630673832301863,Yes,Doesn't Pay,No
65,Female,Unemployed,495850,738,2000000,4,0.4267192725855736,Yes,Pays,No
59,Female,Part-Time,306620,408,2000000,8,0.2277968169336844,No,Doesn't Pay,No
54,Female,Full-Time,345583,450,2000000,8,0.6546929458683156,Yes,Pays,No
62,Female,Unemployed,328028,899,2000000,10,0.6980335210248149,Yes,Pays,No
51,Male,Full-Time,309761,397,2000000,4,0.8518507655786928,Yes,Pays,No
61,Male,Self-Employed,384808,543,2000000,4,0.6028327776773911,No,Doesn't Pay,No
55,Female,Unemployed,264329,808,2000000,7,0.5458277851697131,Yes,Doesn't Pay,No
35,Female,Self-Employed,419955,522,2000000,5,0.8742582161118786,Yes,Pays,No
31,Male,Full-Time,378920,874,2000000,3,0.7986968300505543,Yes,Doesn't Pay,No
45,Male,Full-Time,460894,678,2000000,7,0.2552096878194111,Yes,Doesn't Pay,No
65,Male,Self-Employed,265368,333,2000000,9,0.2918907749312667,Yes,Pays,Yes
62,Female,Part-Time,418607,316,2000000,4,0.3848467424662554,Yes,Doesn't Pay,No
22,Female,Unemployed,292671,323,2000000,5,0.8185642607714568,Yes,Doesn't Pay,No
46,Male,Part-Time,430216,619,2000000,10,0.1734265460335008,Yes,Doesn't Pay,No
34,Male,Full-Time,397762,620,2000000,3,0.9755887526347911,Yes,Doesn't Pay,No
63,Female,Full-Time,279369,894,2000000,3,0.3818940547558302,Yes,Pays,No
39,Female,Part-Time,190263,308,2000000,8,0.3554439758778003,Yes,Doesn't Pay,No
50,Female,Unemployed,454055,863,2000000,10,0.8588651261540605,Yes,Pays,No
53,Female,Full-Time,391202,771,2000000,9,0.2646779699201363,Yes,Doesn't Pay,No
28,Male,Part-Time,110076,721,2000000,8,0.3389170522119098,Yes,Doesn't Pay,No
56,Male,Part-Time,175198,439,2000000,7,0.2112091601293683,Yes,Pays,Yes
56,Male,Part-Time,187374,702,2000000,4,0.8313841883545864,Yes,Doesn't Pay,No
60,Female,Self-Employed,267614,699,2000000,9,0.6893536212861817,Yes,Pays,No
23,Male,Part-Time,401911,649,2000000,9,0.9181105330121645,Yes,Pays,No
60,Female,Full-Time,310095,529,2000000,3,0.7694130947402887,Yes,Doesn't Pay,No
55,Female,Full-Time,369532,837,2000000,7,0.1595951190106607,No,Pays,No
31,Female,Full-Time,300835,873,2000000,7,0.04986940847065047,Yes,Doesn't Pay,No
57,Male,Self-Employed,393817,649,2000000,3,0.05614134167402074,Yes,Pays,Yes
52,Male,Part-Time,307073,668,2000000,7,0.6942102011539087,Yes,Doesn't Pay,No
25,Female,Unemployed,214236,755,2000000,3,0.1109320878232438,Yes,Doesn't Pay,No
34,Female,Part-Time,274281,812,2000000,4,0.2585345844774193,Yes,Doesn't Pay,No
37,Female,Unemployed,271942,799,2000000,3,0.07914074095795787,Yes,Pays,Yes
62,Male,Unemployed,287905,675,2000000,8,0.7053507799049586,Yes,Pays,No
52,Male,Part-Time,71717,443,2000000,8,0.6984383351002994,No,Doesn't Pay,No
55,Female,Unemployed,70695,345,2000000,7,0.8545949001315154,Yes,Doesn't Pay,No
30,Male,Part-Time,356231,683,2000000,9,0.9212706094870989,No,Pays,No
60,Female,Full-Time,112098,331,2000000,3,0.1813054100925929,No,Doesn't Pay,No
33,Male,Unemployed,88090,492,2000000,8,0.01328440812426046,Yes,Doesn't Pay,No
21,Male,Part-Time,74134,543,2000000,10,0.9390282006022297,Yes,Pays,No
32,Male,Full-Time,419622,326,2000000,10,0.2667379565203684,Yes,Doesn't Pay,No
38,Female,Self-Employed,488407,517,2000000,4,0.7674690529398391,No,Pays,No
35,Female,Self-Employed,255240,660,2000000,7,0.1324863400081938,No,Doesn't Pay,No
52,Male,Unemployed,403572,843,2000000,5,0.505046401784831,Yes,Doesn't Pay,No
35,Female,Part-Time,397996,782,2000000,3,0.0007178412951389657,No,Doesn't Pay,No
54,Female,Self-Employed,381417,550,2000000,3,0.2579423850932966,Yes,Pays,Yes
30,Male,Part-Time,133519,743,2000000,9,0.4082367785311142,Yes,Pays,No
64,Male,Self-Employed,488773,550,2000000,3,0.6493958266813198,Yes,Pays,No
49,Male,Self-Employed,243589,621,2000000,7,0.5682798030105088,Yes,Doesn't Pay,No
26,Female,Self-Employed,445191,564,2000000,4,0.8795487782390435,Yes,Doesn't Pay,No
29,Male,Self-Employed,194845,779,2000000,5,0.5261696075829757,Yes,Doesn't Pay,No
53,Female,Self-Employed,202105,543,2000000,7,0.3731941936043165,Yes,Doesn't Pay,No
26,Male,Self-Employed,109260,373,2000000,8,0.4106116970946221,Yes,Doesn't Pay,No
54,Female,Full-Time,133847,680,2000000,8,0.9236654172506273,Yes,Doesn't Pay,No
56,Female,Full-Time,237499,300,2000000,9,0.1245729859692472,Yes,Doesn't Pay,No
30,Female,Part-Time,304582,806,2000000,8,0.7795414166436077,Yes,Doesn't Pay,No
54,Male,Unemployed,121284,594,2000000,7,0.7157547527978214,Yes,Doesn't Pay,No
21,Female,Self-Employed,258306,714,2000000,8,0.4303579753390692,Yes,Pays,No
56,Male,Self-Employed,412417,836,2000000,7,0.9253101992312083,Yes,Doesn't Pay,No
26,Female,Part-Time,483266,764,2000000,5,0.2031425391623966,Yes,Doesn't Pay,No
57,Female,Unemployed,452600,592,2000000,7,0.04537524922505187,Yes,Doesn't Pay,No
54,Female,Self-Employed,215920,781,2000000,3,0.3106321264117033,Yes,Doesn't Pay,No
56,Female,Unemployed,137853,439,2000000,7,0.1215275174959056,Yes,Doesn't Pay,No
30,Male,Unemployed,470465,581,2000000,8,0.7167147435164088,Yes,Pays,No
29,Female,Unemployed,349927,378,2000000,9,0.0695227529301281,Yes,Doesn't Pay,No
47,Male,Part-Time,154475,641,2000000,10,0.2929559635583552,No,Doesn't Pay,No
60,Male,Full-Time,430809,644,2000000,8,0.09136567675615359,Yes,Doesn't Pay,No
23,Male,Full-Time,271587,350,2000000,3,0.166477911202448,Yes,Pays,Yes
32,Male,Unemployed,399025,449,2000000,4,0.2340759178999946,Yes,Doesn't Pay,No
54,Male,Full-Time,148389,677,2000000,10,0.1480212338992104,Yes,Pays,Yes
53,Female,Self-Employed,213092,472,2000000,4,0.5049581704074998,No,Doesn't Pay,No
34,Male,Part-Time,482033,738,2000000,9,0.5332135805884495,Yes,Pays,No
45,Female,Part-Time,278539,519,2000000,7,0.2576692986576971,Yes,Pays,Yes
27,Female,Full-Time,68744,401,2000000,4,0.5811861054377339,Yes,Doesn't Pay,No
54,Female,Part-Time,444343,411,2000000,3,0.770445992118389,Yes,Doesn't Pay,No
39,Female,Full-Time,203622,497,2000000,3,0.5686152136147371,Yes,Doesn't Pay,No
32,Male,Self-Employed,199538,447,2000000,3,0.6013337699689624,Yes,Pays,No
51,Female,Full-Time,319763,579,2000000,3,0.7866792407368048,Yes,Doesn't Pay,No
41,Female,Full-Time,355105,841,2000000,8,0.5721775389097057,Yes,Doesn't Pay,No
65,Male,Full-Time,288104,341,2000000,10,0.8021620743977267,Yes,Pays,No
28,Male,Full-Time,138287,675,2000000,8,0.6132995786227131,Yes,Pays,No
48,Male,Unemployed,420231,654,2000000,4,0.4656507141953806,Yes,Pays,No
57,Male,Full-Time,262329,433,2000000,4,0.9266888390620239,Yes,Pays,No
58,Female,Unemployed,330666,798,2000000,9,0.8522728950812192,Yes,Doesn't Pay,No
52,Male,Unemployed,204787,708,2000000,7,0.7968043426866046,Yes,Pays,No
47,Male,Self-Employed,91931,562,2000000,10,0.7546347643060105,Yes,Doesn't Pay,No
65,Female,Self-Employed,226371,459,2000000,7,0.4129907126621966,Yes,Pays,No
57,Male,Self-Employed,149122,876,2000000,4,0.7683325854154188,Yes,Pays,No
28,Female,Full-Time,238733,623,2000000,10,0.8854599364059863,Yes,Pays,No
33,Female,Self-Employed,267055,360,2000000,7,0.600798676980665,Yes,Doesn't Pay,No
55,Male,Part-Time,62787,396,2000000,7,0.8730706694406664,No,Doesn't Pay,No
45,Female,Full-Time,227473,309,2000000,10,0.1511314271699651,Yes,Doesn't Pay,No
27,Male,Unemployed,486530,790,2000000,9,0.6545863595622536,Yes,Pays,No
59,Female,Part-Time,300001,745,2000000,8,0.3891654448280966,No,Doesn't Pay,No
35,Female,Self-Employed,436023,783,2000000,9,0.3913516487150565,Yes,Doesn't Pay,No
29,Female,Self-Employed,493332,302,2000000,8,0.4311663279363775,Yes,Doesn't Pay,No
57,Male,Unemployed,131900,782,2000000,7,0.02164133255250633,Yes,Doesn't Pay,No
49,Male,Self-Employed,52214,443,2000000,4,0.3454951216844654,Yes,Pays,No
41,Male,Part-Time,163263,398,2000000,4,0.5382548200041832,Yes,Pays,No
59,Male,Full-Time,451755,363,2000000,3,0.8161375187383112,Yes,Doesn't Pay,No
48,Male,Part-Time,403306,535,2000000,9,0.7753769805740752,Yes,Doesn't Pay,No
47,Male,Self-Employed,274357,408,2000000,7,0.8427187898240728,No,Doesn't Pay,No
23,Male,Unemployed,258334,672,2000000,3,0.07600786266008264,Yes,Pays,Yes
45,Male,Unemployed,448113,597,2000000,7,0.7364083891268245,Yes,Doesn't Pay,No
49,Female,Unemployed,470209,774,2000000,9,0.08048487507702962,Yes,Pays,Yes
41,Female,Self-Employed,114449,803,2000000,9,0.7889212207269378,Yes,Pays,No
56,Male,Self-Employed,123771,860,2000000,3,0.1086472343446772,Yes,Doesn't Pay,No
49,Female,Part-Time,221938,509,2000000,9,0.3496971400079422,Yes,Pays,No
26,Female,Unemployed,343976,682,2000000,3,0.8607045381730947,Yes,Doesn't Pay,No
30,Female,Self-Employed,179048,861,2000000,7,0.792125247419726,Yes,Pays,No
42,Male,Self-Employed,423425,640,2000000,10,0.2918854587028885,No,Doesn't Pay,No
35,Male,Self-Employed,214868,324,2000000,4,0.365125643484018,Yes,Pays,No
52,Female,Full-Time,182765,307,2000000,4,0.3692014034923624,Yes,Pays,No
38,Male,Full-Time,198836,338,2000000,5,0.9986999298478024,Yes,Doesn't Pay,No
37,Male,Part-Time,66684,789,2000000,9,0.3667769835185852,No,Pays,No
58,Female,Full-Time,107866,348,2000000,5,0.09996499059222008,Yes,Doesn't Pay,No
27,Male,Unemployed,212823,333,2000000,5,0.1652596342029445,Yes,Doesn't Pay,No
48,Female,Self-Employed,326191,589,2000000,7,0.2280143308382854,Yes,Doesn't Pay,No
48,Male,Part-Time,154237,891,2000000,4,0.122183252668348,Yes,Pays,Yes
39,Female,Self-Employed,51279,854,2000000,3,0.3967755910607004,Yes,Pays,No
31,Male,Self-Employed,235518,377,2000000,10,0.1698216954753596,No,Doesn't Pay,No
28,Male,Full-Time,137787,578,2000000,9,0.3939734537450343,Yes,Doesn't Pay,No
64,Male,Part-Time,459992,370,2000000,8,0.1743636644389949,Yes,Doesn't Pay,No
31,Female,Unemployed,452523,359,2000000,10,0.487438212994153,Yes,Pays,No
50,Female,Self-Employed,478127,389,2000000,8,0.7479238687308415,Yes,Doesn't Pay,No
60,Male,Unemployed,478303,732,2000000,5,0.8398146097480361,Yes,Doesn't Pay,No
43,Female,Full-Time,277380,657,2000000,8,0.16303438308346,Yes,Pays,Yes
64,Female,Self-Employed,429963,748,2000000,3,0.7620123342761033,Yes,Doesn't Pay,No
54,Male,Self-Employed,428471,334,2000000,10,0.6347408960581623,Yes,Pays,No
53,Male,Part-Time,422907,436,2000000,7,0.8282431054583508,Yes,Doesn't Pay,No
41,Female,Full-Time,422422,798,2000000,3,0.5492700831264631,Yes,Pays,No
44,Female,Full-Time,459888,879,2000000,7,0.5826750214120164,Yes,Doesn't Pay,No
33,Female,Self-Employed,265411,716,2000000,5,0.03205575358228829,Yes,Pays,Yes
34,Female,Self-Employed,144649,335,2000000,9,0.2942002222540623,Yes,Pays,Yes
50,Female,Self-Employed,254814,308,2000000,9,0.9019927363726626,Yes,Doesn't Pay,No
49,Female,Part-Time,252364,370,2000000,10,0.9500795982657823,Yes,Doesn't Pay,No
47,Male,Unemployed,401867,887,2000000,4,0.2846801822396088,Yes,Doesn't Pay,No
39,Female,Unemployed,437776,556,2000000,3,0.6930840100357104,Yes,Doesn't Pay,No
42,Male,Self-Employed,384347,338,2000000,8,0.8861576948049981,Yes,Doesn't Pay,No
48,Male,Full-Time,318680,853,2000000,5,0.388025587940962,Yes,Pays,No
28,Male,Full-Time,95353,654,2000000,10,0.04963459062178743,Yes,Doesn't Pay,No
39,Female,Full-Time,496639,823,2000000,4,0.9614338167330356,Yes,Pays,No
21,Female,Self-Employed,185342,587,2000000,4,0.3382623957522287,Yes,Pays,No
37,Female,Part-Time,241361,332,2000000,8,0.3649823382314957,Yes,Pays,No
47,Male,Part-Time,472096,364,2000000,4,0.3880093810444468,Yes,Doesn't Pay,No
40,Male,Unemployed,480643,757,2000000,3,0.6109183674381901,Yes,Doesn't Pay,No
59,Female,Unemployed,477918,326,2000000,4,0.04432405898666081,Yes,Pays,Yes
62,Female,Full-Time,205447,465,2000000,9,0.1004979800213646,Yes,Doesn't Pay,No
31,Female,Full-Time,481987,472,2000000,8,0.04943261575519808,Yes,Pays,Yes
50,Female,Full-Time,349999,824,2000000,8,0.3170832323723406,No,Doesn't Pay,No
34,Female,Unemployed,461974,620,2000000,8,0.6433976947812337,Yes,Pays,No
42,Female,Unemployed,133535,479,2000000,4,0.002608913185764061,Yes,Doesn't Pay,No
42,Female,Unemployed,423074,761,2000000,10,0.827191253606008,Yes,Pays,No
65,Male,Unemployed,55035,559,2000000,3,0.160368613023693,Yes,Doesn't Pay,No
37,Male,Full-Time,166514,349,2000000,8,0.5040129833484182,Yes,Doesn't Pay,No
25,Female,Part-Time,388992,615,2000000,7,0.5483643017922563,No,Doesn't Pay,No
53,Female,Unemployed,212442,814,2000000,5,0.4553738485181352,Yes,Pays,No
26,Male,Unemployed,466113,746,2000000,10,0.3816390623652783,Yes,Doesn't Pay,No
36,Male,Unemployed,180672,467,2000000,9,0.3293125426779157,Yes,Doesn't Pay,No
60,Female,Self-Employed,109425,441,2000000,3,0.07929676012345355,Yes,Pays,Yes
43,Female,Part-Time,480409,318,2000000,8,0.7930100795902465,Yes,Pays,No
27,Male,Unemployed,177583,706,2000000,7,0.5561522409453848,Yes,Pays,No
39,Female,Self-Employed,273764,361,2000000,10,0.3347644708566585,Yes,Doesn't Pay,No
62,Male,Part-Time,173006,700,2000000,7,0.8774604609714959,Yes,Doesn't Pay,No
36,Male,Self-Employed,202855,359,2000000,5,0.7244810123936758,Yes,Pays,No
36,Female,Unemployed,62358,693,2000000,3,0.7919911867410634,Yes,Pays,No
52,Male,Part-Time,323342,596,2000000,9,0.01535957396123078,Yes,Doesn't Pay,No
21,Female,Full-Time,409357,727,2000000,4,0.6022894087919766,No,Pays,No
32,Male,Unemployed,180696,382,2000000,9,0.2375198839251423,Yes,Doesn't Pay,No
55,Male,Unemployed,196329,840,2000000,4,0.3986760803401026,No,Pays,No
22,Male,Unemployed,61363,812,2000000,8,0.5767313906739623,No,Doesn't Pay,No
61,Male,Unemployed,487177,567,2000000,3,0.8846876599695589,Yes,Pays,No
63,Male,Self-Employed,432601,726,2000000,4,0.549301548518487,Yes,Pays,No
26,Male,Self-Employed,285247,376,2000000,5,0.1783926876312968,Yes,Pays,Yes
62,Male,Full-Time,203093,476,2000000,4,0.3358904724856046,Yes,Pays,No
36,Male,Part-Time,402077,307,2000000,10,0.3942262708672881,Yes,Doesn't Pay,No
30,Male,Unemployed,358321,741,2000000,8,0.7922443140337079,Yes,Doesn't Pay,No
23,Female,Part-Time,103407,367,2000000,3,0.4260810018559569,Yes,Pays,No
54,Female,Self-Employed,237904,526,2000000,3,0.002395086607571817,Yes,Doesn't Pay,No
56,Female,Self-Employed,233262,647,2000000,10,0.7161644245330337,Yes,Doesn't Pay,No
31,Female,Part-Time,272521,803,2000000,10,0.04047756880491926,Yes,Doesn't Pay,No
57,Male,Part-Time,116239,417,2000000,9,0.1098790284052399,Yes,Pays,Yes
56,Male,Self-Employed,410293,764,2000000,5,0.2757433677403742,Yes,Pays,Yes
64,Female,Self-Employed,286521,599,2000000,4,0.8092972159657184,Yes,Doesn't Pay,No
49,Female,Full-Time,366886,310,2000000,3,0.5927844559936521,Yes,Doesn't Pay,No
40,Female,Self-Employed,112741,456,2000000,3,0.7443820348768847,Yes,Pays,No
43,Male,Part-Time,261717,514,2000000,10,0.1421497143492955,Yes,Doesn't Pay,No
39,Male,Self-Employed,227600,647,2000000,9,0.5346721798188668,Yes,Pays,No
41,Female,Unemployed,103001,661,2000000,3,0.165885368107906,Yes,Pays,Yes
23,Female,Unemployed,495935,625,2000000,10,0.7256078082419619,Yes,Pays,No
49,Female,Full-Time,70686,529,2000000,8,0.2613680313593947,No,Pays,No
37,Male,Self-Employed,311235,821,2000000,9,0.8046961983978891,Yes,Doesn't Pay,No
29,Female,Full-Time,425806,665,2000000,5,0.7304696973647336,Yes,Doesn't Pay,No
35,Male,Part-Time,463998,326,2000000,10,0.546902318469213,Yes,Pays,No
55,Female,Full-Time,70959,326,2000000,4,0.6400860543130634,Yes,Doesn't Pay,No
27,Male,Part-Time,405251,390,2000000,4,0.4886054928806112,Yes,Doesn't Pay,No
24,Male,Full-Time,189442,842,2000000,10,0.1193831792324813,Yes,Pays,Yes
34,Female,Full-Time,315859,444,2000000,8,0.7388035265815864,No,Pays,No
44,Male,Self-Employed,92992,458,2000000,7,0.9598082486039301,Yes,Doesn't Pay,No
51,Male,Full-Time,344090,704,2000000,4,0.4320107214567069,Yes,Pays,No
33,Male,Part-Time,152647,570,2000000,7,0.7937259684911009,Yes,Pays,No
41,Male,Unemployed,363764,624,2000000,5,0.2008715125436439,Yes,Pays,Yes
47,Female,Part-Time,324909,415,2000000,3,0.2285599101678938,No,Pays,No
35,Female,Full-Time,420231,662,2000000,4,0.1068986468221138,Yes,Pays,Yes
31,Female,Part-Time,356674,345,2000000,8,0.9007491610756307,Yes,Doesn't Pay,No
64,Male,Unemployed,129689,591,2000000,7,0.7252349947365364,Yes,Pays,No
35,Female,Self-Employed,187518,453,2000000,8,0.54893327499632,Yes,Doesn't Pay,No
43,Male,Part-Time,254778,726,2000000,7,0.690700448097136,Yes,Pays,No
36,Male,Part-Time,98245,861,2000000,9,0.01423754485514805,Yes,Doesn't Pay,No
40,Female,Part-Time,64101,308,2000000,10,0.4603778431009732,Yes,Doesn't Pay,No
22,Female,Full-Time,307329,713,2000000,9,0.937162103673613,Yes,Pays,No
42,Female,Full-Time,143572,596,2000000,5,0.838649267030976,Yes,Pays,No
64,Female,Full-Time,145711,560,2000000,3,0.1049629215665391,No,Pays,No
50,Female,Full-Time,265822,449,2000000,5,0.3550444635016466,Yes,Doesn't Pay,No
50,Female,Self-Employed,102357,680,2000000,5,0.7640111541656761,Yes,Doesn't Pay,No
51,Male,Full-Time,93236,466,2000000,4,0.3019153728656722,Yes,Pays,No
44,Female,Part-Time,91404,409,2000000,9,0.02679547723889841,No,Pays,No
26,Male,Part-Time,446778,715,2000000,5,0.975333476761629,Yes,Pays,No
65,Female,Full-Time,328226,447,2000000,4,0.8288329484370031,No,Pays,No
31,Male,Part-Time,127662,553,2000000,8,0.8251759685870196,Yes,Pays,No
37,Male,Part-Time,294448,455,2000000,8,0.5191123788671127,Yes,Pays,No
32,Male,Self-Employed,408385,611,2000000,7,0.9228037609039892,Yes,Pays,No
42,Male,Unemployed,307453,361,2000000,5,0.5619275805533458,Yes,Pays,No
62,Male,Self-Employed,359201,595,2000000,5,0.1626274214861376,Yes,Doesn't Pay,No
61,Female,Part-Time,465662,844,2000000,7,0.8324532774272579,Yes,Doesn't Pay,No
61,Male,Self-Employed,461139,302,2000000,7,0.6445952775104313,Yes,Doesn't Pay,No
39,Male,Part-Time,411993,482,2000000,10,0.02886434102141222,Yes,Doesn't Pay,No
23,Female,Self-Employed,482587,867,2000000,3,0.4694726528826103,Yes,Pays,No
45,Female,Full-Time,73113,458,2000000,4,0.2602793041914814,Yes,Pays,Yes
56,Male,Part-Time,353330,809,2000000,4,0.3721642085093008,Yes,Pays,No
44,Female,Unemployed,334086,765,2000000,5,0.7840732299813573,Yes,Doesn't Pay,No
27,Female,Full-Time,266072,608,2000000,3,0.5184420169419219,Yes,Doesn't Pay,No
40,Male,Self-Employed,396834,873,2000000,5,0.8928687362776763,Yes,Doesn't Pay,No
51,Male,Part-Time,238120,400,2000000,5,0.596787300065547,Yes,Doesn't Pay,No
24,Female,Unemployed,137262,333,2000000,3,0.4529871778895832,Yes,Doesn't Pay,No
54,Female,Part-Time,253263,567,2000000,9,0.2751753175177228,Yes,Pays,Yes
55,Male,Self-Employed,346638,408,2000000,5,0.4563964516379685,Yes,Doesn't Pay,No
33,Female,Part-Time,464914,461,2000000,10,0.1941525137644162,Yes,Pays,Yes
48,Female,Unemployed,224485,609,2000000,5,0.6903517802445278,Yes,Pays,No
59,Female,Full-Time,378567,603,2000000,4,0.3170349485786529,Yes,Pays,No
22,Male,Full-Time,497490,592,2000000,8,0.6379919746738583,Yes,Doesn't Pay,No
24,Male,Part-Time,444027,501,2000000,8,0.5315786853214557,Yes,Doesn't Pay,No
29,Male,Full-Time,351956,448,2000000,9,0.8920425200163493,Yes,Pays,No
23,Male,Unemployed,372056,538,2000000,8,0.5702333732211258,Yes,Doesn't Pay,No
23,Female,Part-Time,479099,381,2000000,10,0.900788772992579,Yes,Doesn't Pay,No
45,Female,Unemployed,192108,489,2000000,4,0.03289228980752157,Yes,Pays,Yes
23,Female,Self-Employed,217047,814,2000000,3,0.7404097596117425,Yes,Doesn't Pay,No
45,Female,Unemployed,396892,751,2000000,4,0.4107940180478024,Yes,Doesn't Pay,No
30,Female,Full-Time,300379,302,2000000,5,0.4364630384553286,No,Pays,No
33,Female,Self-Employed,125865,760,2000000,8,0.1726683345267258,Yes,Pays,Yes
30,Male,Unemployed,79435,827,2000000,10,0.7910186739437034,Yes,Pays,No
45,Female,Self-Employed,64310,797,2000000,7,0.3634352077857851,Yes,Doesn't Pay,No
62,Female,Unemployed,483218,825,2000000,5,0.6676359927492604,Yes,Pays,No
49,Male,Part-Time,296823,716,2000000,3,0.1043681876404657,Yes,Doesn't Pay,No
57,Female,Self-Employed,132453,384,2000000,8,0.09352729080722699,Yes,Pays,Yes
36,Female,Unemployed,326020,436,2000000,3,0.1577620417630829,Yes,Doesn't Pay,No
21,Female,Self-Employed,312609,504,2000000,3,0.4558739062544289,Yes,Doesn't Pay,No
36,Male,Unemployed,341656,397,2000000,4,0.6956928889342913,Yes,Doesn't Pay,No
29,Female,Self-Employed,399985,890,2000000,9,0.6820270946392378,Yes,Pays,No
48,Male,Full-Time,217584,515,2000000,7,0.5951046425092988,Yes,Pays,No
26,Male,Part-Time,234504,492,2000000,7,0.1556600396809376,Yes,Pays,Yes
27,Male,Part-Time,441347,631,2000000,3,0.09962852420333312,Yes,Pays,Yes
44,Male,Part-Time,251990,589,2000000,7,0.2621533403780133,Yes,Pays,Yes
25,Female,Full-Time,414069,685,2000000,10,0.4484031757822882,No,Pays,No
51,Male,Part-Time,51754,495,2000000,5,0.5107235630257103,Yes,Doesn't Pay,No
37,Female,Unemployed,373018,313,2000000,9,0.8353745260331517,Yes,Doesn't Pay,No
42,Female,Part-Time,210204,478,2000000,3,0.06349215791580709,Yes,Pays,Yes
62,Male,Full-Time,387992,502,2000000,5,0.9883619834829127,Yes,Pays,No
43,Female,Self-Employed,244819,713,2000000,7,0.1746047268153025,Yes,Doesn't Pay,No
37,Female,Unemployed,406529,698,2000000,4,0.2190886386780008,Yes,Doesn't Pay,No
23,Male,Unemployed,411309,320,2000000,4,0.9091258411640143,Yes,Doesn't Pay,No
56,Female,Self-Employed,90514,330,2000000,4,0.9672855381636908,Yes,Pays,No
25,Male,Part-Time,443563,616,2000000,10,0.9032542581648564,Yes,Pays,No
58,Female,Part-Time,133016,680,2000000,8,0.3042164514529984,Yes,Pays,No
39,Male,Part-Time,59152,511,2000000,8,0.4095082425244844,Yes,Doesn't Pay,No
53,Female,Full-Time,136259,897,2000000,5,0.4954273022713044,Yes,Pays,No
41,Female,Full-Time,492132,327,2000000,4,0.09445460645491488,Yes,Doesn't Pay,No
64,Male,Part-Time,449349,860,2000000,8,0.3292194194535364,Yes,Doesn't Pay,No
47,Male,Unemployed,213687,710,2000000,8,0.4537949193134992,Yes,Doesn't Pay,No
33,Female,Unemployed,208534,752,2000000,3,0.3823938960874456,Yes,Doesn't Pay,No
53,Female,Unemployed,122736,598,2000000,4,0.9937862140055622,Yes,Pays,No
37,Female,Full-Time,206546,873,2000000,5,0.8210033881440066,No,Pays,No
43,Male,Part-Time,142113,319,2000000,3,0.7463321992910007,No,Doesn't Pay,No
24,Male,Full-Time,247168,722,2000000,3,0.1110037063949341,Yes,Doesn't Pay,No
28,Female,Full-Time,153931,357,2000000,5,0.8100025361093395,Yes,Pays,No
31,Male,Self-Employed,141210,890,2000000,8,0.3968539394819858,Yes,Pays,No
64,Male,Part-Time,341334,690,2000000,4,0.5375341224478191,Yes,Doesn't Pay,No
51,Female,Full-Time,306154,895,2000000,5,0.827850056475644,Yes,Pays,No
32,Male,Part-Time,215289,373,2000000,4,0.9720326231973657,No,Doesn't Pay,No
34,Female,Part-Time,471377,647,2000000,8,0.5495590941945477,No,Doesn't Pay,No
34,Female,Part-Time,305159,719,2000000,7,0.0561625904803178,Yes,Pays,Yes
56,Male,Full-Time,371080,536,2000000,4,0.8600159443066947,Yes,Doesn't Pay,No
65,Male,Full-Time,237078,881,2000000,9,0.0702478530460875,Yes,Doesn't Pay,No
65,Female,Unemployed,240754,367,2000000,9,0.7584197104910411,Yes,Doesn't Pay,No
30,Female,Self-Employed,252728,444,2000000,3,0.9766553431493961,Yes,Pays,No
58,Male,Part-Time,243726,325,2000000,5,0.1269431678663039,Yes,Doesn't Pay,No
23,Female,Part-Time,94914,726,2000000,10,0.6457773265836219,Yes,Pays,No
43,Male,Part-Time,139773,855,2000000,4,0.008070547582159304,Yes,Pays,Yes
27,Male,Self-Employed,317000,374,2000000,5,0.3135411994187057,Yes,Doesn't Pay,No
62,Female,Unemployed,113997,368,2000000,4,0.6764095092043689,Yes,Doesn't Pay,No
50,Female,Part-Time,135700,731,2000000,5,0.1318216083020169,Yes,Doesn't Pay,No
26,Female,Unemployed,382504,384,2000000,5,0.9442490911747213,Yes,Doesn't Pay,No
59,Female,Part-Time,339192,804,2000000,8,0.9750994300339438,Yes,Pays,No
23,Male,Self-Employed,58996,792,2000000,3,0.4739126352912938,Yes,Pays,No
43,Male,Self-Employed,279997,418,2000000,10,0.03133307863316326,Yes,Pays,Yes
24,Male,Part-Time,361589,360,2000000,3,0.9973716916708483,Yes,Doesn't Pay,No
24,Male,Full-Time,56832,639,2000000,7,0.2575670805678139,Yes,Doesn't Pay,No
43,Female,Self-Employed,348939,868,2000000,8,0.5179314681970871,Yes,Pays,No
52,Male,Full-Time,398016,348,2000000,8,0.04760099278563668,Yes,Doesn't Pay,No
45,Female,Full-Time,110934,872,2000000,5,0.2284901201093406,Yes,Pays,Yes
53,Male,Self-Employed,100927,360,2000000,4,0.8582034975274941,No,Pays,No
56,Female,Unemployed,326173,827,2000000,10,0.5307120605167481,Yes,Doesn't Pay,No
51,Male,Part-Time,164474,395,2000000,8,0.3015083354862141,Yes,Doesn't Pay,No
53,Female,Full-Time,379168,443,2000000,3,0.3395209068412586,No,Pays,No
36,Male,Unemployed,450457,320,2000000,9,0.7510198528628711,No,Doesn't Pay,No
43,Male,Full-Time,309293,615,2000000,10,0.2755235113435713,No,Pays,No
51,Male,Unemployed,461197,796,2000000,9,0.8884008639510197,Yes,Doesn't Pay,No
27,Female,Self-Employed,248937,436,2000000,3,0.8311804633178288,Yes,Doesn't Pay,No
47,Female,Full-Time,365315,576,2000000,5,0.375876862089484,Yes,Doesn't Pay,No
61,Male,Full-Time,227073,777,2000000,10,0.6293444446464378,Yes,Doesn't Pay,No
63,Male,Part-Time,398875,309,2000000,5,0.5947214836822927,Yes,Doesn't Pay,No
62,Female,Unemployed,445111,824,2000000,3,0.9493651565456243,Yes,Pays,No
38,Female,Self-Employed,378665,757,2000000,5,0.06206042482588559,No,Pays,No
45,Female,Full-Time,421093,311,2000000,9,0.636020107242559,No,Pays,No
32,Male,Unemployed,371184,448,2000000,7,0.8016518582067305,Yes,Doesn't Pay,No
65,Female,Part-Time,102516,781,2000000,3,0.3965997929259846,No,Pays,No
32,Female,Part-Time,448340,704,2000000,9,0.1638762943507089,Yes,Pays,Yes
62,Female,Full-Time,217082,605,2000000,3,0.07906153338495425,Yes,Doesn't Pay,No
53,Female,Part-Time,204050,875,2000000,3,0.6730854805966234,Yes,Doesn't Pay,No
59,Male,Unemployed,276558,890,2000000,4,0.5801060395680118,Yes,Pays,No
47,Female,Full-Time,254298,652,2000000,7,0.3643560159573377,Yes,Doesn't Pay,No
45,Female,Self-Employed,279485,457,2000000,9,0.05715588029948859,Yes,Doesn't Pay,No
22,Male,Part-Time,239956,839,2000000,10,0.1993064943248248,Yes,Doesn't Pay,No
33,Female,Part-Time,483025,476,2000000,10,0.9560319078633582,Yes,Doesn't Pay,No
56,Male,Unemployed,233508,896,2000000,3,0.3461893022658546,Yes,Pays,No
28,Male,Self-Employed,276293,842,2000000,5,0.9704517560241178,Yes,Pays,No
52,Female,Full-Time,95051,327,2000000,8,0.2673612914438639,No,Doesn't Pay,No
36,Male,Part-Time,275068,868,2000000,4,0.943766376906493,Yes,Doesn't Pay,No
31,Male,Full-Time,335038,310,2000000,3,0.1882404357251981,No,Doesn't Pay,No
60,Male,Part-Time,312973,664,2000000,8,0.9477644160979388,Yes,Doesn't Pay,No
36,Male,Unemployed,137518,841,2000000,9,0.2342305761941719,No,Pays,No
46,Female,Unemployed,449651,592,2000000,3,0.2179924717994121,Yes,Doesn't Pay,No
48,Female,Self-Employed,333543,404,2000000,4,0.3942779221334451,Yes,Doesn't Pay,No
21,Female,Full-Time,370073,819,2000000,5,0.4256125662044017,Yes,Doesn't Pay,No
39,Male,Part-Time,434913,393,2000000,3,0.2281414487151987,Yes,Doesn't Pay,No
38,Male,Part-Time,388784,868,2000000,10,0.5098669565800761,Yes,Doesn't Pay,No
35,Male,Full-Time,439967,840,2000000,3,0.728079643629263,Yes,Doesn't Pay,No
60,Female,Unemployed,168414,778,2000000,3,0.4014726348303913,Yes,Pays,No
41,Female,Full-Time,311118,307,2000000,8,0.8564098176131746,Yes,Doesn't Pay,No
47,Female,Full-Time,478953,551,2000000,7,0.4079448966696769,Yes,Doesn't Pay,No
60,Female,Unemployed,401418,639,2000000,10,0.9228372068720448,Yes,Pays,No
65,Male,Full-Time,70424,363,2000000,8,0.480833975902903,Yes,Doesn't Pay,No
36,Male,Part-Time,336528,496,2000000,10,0.4351844870369728,Yes,Doesn't Pay,No
57,Female,Unemployed,342868,894,2000000,9,0.7534627865388074,Yes,Pays,No
64,Female,Full-Time,51979,523,2000000,4,0.5393774340829128,Yes,Doesn't Pay,No
49,Male,Part-Time,314378,723,2000000,5,0.7823642246979707,Yes,Pays,No
46,Male,Part-Time,271896,470,2000000,5,0.8162865526242141,Yes,Pays,No
35,Female,Self-Employed,313254,756,2000000,10,0.2398767102313373,Yes,Doesn't Pay,No
46,Female,Part-Time,186516,766,2000000,8,0.6436443269096344,Yes,Doesn't Pay,No
21,Male,Self-Employed,123731,715,2000000,5,0.1376158378422417,Yes,Doesn't Pay,No
34,Male,Part-Time,160461,648,2000000,7,0.8508048701433697,Yes,Pays,No
21,Female,Unemployed,236137,627,2000000,9,0.8369315140826367,Yes,Pays,No
25,Female,Self-Employed,435595,314,2000000,9,0.7016836909059553,Yes,Pays,No
24,Female,Self-Employed,364968,655,2000000,7,0.6584920343441979,No,Pays,No
63,Female,Unemployed,388569,894,2000000,8,0.2570108139237695,Yes,Doesn't Pay,No
51,Female,Unemployed,332664,612,2000000,8,0.9412105396706019,No,Pays,No
38,Male,Full-Time,60522,586,2000000,9,0.3620798486790939,Yes,Pays,No
44,Male,Part-Time,58346,421,2000000,9,0.00253853736603149,Yes,Pays,Yes
58,Male,Self-Employed,168585,426,2000000,5,0.3535252485769044,Yes,Pays,No
41,Male,Unemployed,308906,416,2000000,4,0.1853215837701828,Yes,Pays,Yes
48,Female,Self-Employed,293811,395,2000000,8,0.990014366529627,Yes,Pays,No
25,Female,Self-Employed,471423,312,2000000,8,0.4609734606585211,Yes,Doesn't Pay,No
30,Female,Part-Time,449284,312,2000000,3,0.4278858586215336,Yes,Doesn't Pay,No
30,Female,Full-Time,461031,791,2000000,5,0.08732138477938678,Yes,Doesn't Pay,No
47,Female,Part-Time,424872,788,2000000,10,0.2127428063070754,Yes,Doesn't Pay,No
23,Male,Full-Time,260288,857,2000000,3,0.2275722816399676,Yes,Doesn't Pay,No
54,Male,Unemployed,77810,486,2000000,4,0.03250256329457857,Yes,Doesn't Pay,No
54,Female,Part-Time,239856,812,2000000,9,0.4476767303758585,Yes,Pays,No
47,Male,Part-Time,464321,854,2000000,4,0.2145767006819957,Yes,Doesn't Pay,No
47,Female,Full-Time,233227,752,2000000,7,0.005770235228861331,Yes,Pays,Yes
48,Female,Unemployed,221411,886,2000000,8,0.1407920282004678,Yes,Pays,Yes
32,Male,Unemployed,405505,850,2000000,5,0.07279439138658172,Yes,Doesn't Pay,No
58,Male,Part-Time,164219,379,2000000,5,0.4782161595558009,Yes,Doesn't Pay,No
64,Female,Unemployed,72230,310,2000000,7,0.6275016350668359,Yes,Pays,No
52,Female,Part-Time,66111,624,2000000,9,0.9865317856463243,Yes,Doesn't Pay,No
41,Male,Self-Employed,307421,779,2000000,8,0.4991088256926893,Yes,Pays,No
54,Male,Self-Employed,142639,660,2000000,5,0.5101303782450216,Yes,Pays,No
40,Female,Self-Employed,231856,397,2000000,9,0.3483660992531979,Yes,Doesn't Pay,No
48,Male,Part-Time,59320,450,2000000,4,0.5073774152550465,Yes,Pays,No
64,Male,Full-Time,462114,885,2000000,8,0.1636315814376027,Yes,Doesn't Pay,No
47,Female,Full-Time,259390,756,2000000,3,0.9374816578563508,Yes,Doesn't Pay,No
58,Male,Full-Time,209768,735,2000000,10,0.7974797627115714,Yes,Pays,No
36,Female,Unemployed,206758,828,2000000,9,0.4865064664867694,Yes,Doesn't Pay,No
36,Male,Self-Employed,358176,552,2000000,8,0.04210137458072372,Yes,Pays,Yes
29,Female,Unemployed,327320,336,2000000,5,0.4175538799431577,Yes,Doesn't Pay,No
21,Female,Full-Time,257995,818,2000000,10,0.6636864496884758,Yes,Pays,No
30,Female,Full-Time,373045,695,2000000,9,0.2023492248353428,Yes,Doesn't Pay,No
36,Female,Self-Employed,244867,548,2000000,5,0.1011786491985407,No,Doesn't Pay,No
29,Male,Unemployed,177698,520,2000000,8,0.7607492189630843,Yes,Doesn't Pay,No
33,Female,Full-Time,202830,369,2000000,8,0.5724246804090796,Yes,Pays,No
59,Male,Unemployed,109527,875,2000000,4,0.4328422543238074,Yes,Pays,No
63,Female,Full-Time,378580,450,2000000,8,0.1761637329912248,Yes,Pays,Yes
46,Male,Full-Time,303265,863,2000000,5,0.9447727406754771,No,Doesn't Pay,No
30,Female,Full-Time,220383,532,2000000,3,0.9622500714498825,Yes,Pays,No
54,Female,Part-Time,442558,807,2000000,5,0.5409203845020958,Yes,Doesn't Pay,No
42,Male,Full-Time,84736,470,2000000,10,0.6593016954503957,Yes,Doesn't Pay,No
26,Female,Full-Time,208155,446,2000000,3,0.6730640185487522,Yes,Doesn't Pay,No
53,Female,Self-Employed,117152,586,2000000,5,0.8654082739235223,Yes,Doesn't Pay,No
26,Female,Part-Time,260769,439,2000000,4,0.4158614669174151,No,Doesn't Pay,No
59,Female,Self-Employed,318396,857,2000000,9,0.3896192657020521,Yes,Doesn't Pay,No
25,Male,Full-Time,193440,692,2000000,7,0.9385437052229035,Yes,Doesn't Pay,No
28,Male,Part-Time,88929,631,2000000,10,0.5345989542283043,Yes,Doesn't Pay,No
55,Male,Unemployed,253576,423,2000000,4,0.4129670016804715,Yes,Pays,No
27,Female,Unemployed,343025,621,2000000,7,0.9502270220960704,Yes,Doesn't Pay,No
30,Male,Unemployed,73071,747,2000000,4,0.7075184118829839,Yes,Pays,No
63,Male,Unemployed,306609,345,2000000,9,0.4151038070589436,Yes,Pays,No
23,Female,Unemployed,489354,710,2000000,8,0.3906547282501444,Yes,Doesn't Pay,No
25,Female,Self-Employed,276446,799,2000000,8,0.3805618669167302,Yes,Doesn't Pay,No
58,Male,Part-Time,247662,430,2000000,4,0.2437526376574981,Yes,Doesn't Pay,No
24,Male,Full-Time,87797,471,2000000,3,0.5330076524904536,Yes,Doesn't Pay,No
29,Male,Unemployed,431717,853,2000000,3,0.5402072438142099,Yes,Pays,No
48,Female,Self-Employed,139846,806,2000000,10,0.4378932551502972,Yes,Pays,No
39,Female,Unemployed,244220,332,2000000,3,0.2806140500791522,Yes,Pays,Yes
65,Female,Part-Time,372573,532,2000000,8,0.8466983134674027,Yes,Pays,No
57,Male,Part-Time,136457,359,2000000,3,0.2578349926438276,Yes,Pays,Yes
50,Female,Part-Time,102098,484,2000000,7,0.6847460619594278,Yes,Pays,No
61,Male,Self-Employed,293646,486,2000000,5,0.1434065905527178,Yes,Pays,Yes
23,Female,Full-Time,50693,564,2000000,10,0.1010209293957565,Yes,Doesn't Pay,No
45,Male,Unemployed,366375,883,2000000,8,0.8028936713355271,Yes,Doesn't Pay,No
44,Female,Self-Employed,65933,383,2000000,7,0.6487204543821288,Yes,Doesn't Pay,No
37,Male,Self-Employed,410606,859,2000000,3,0.06803729171946882,Yes,Pays,Yes
55,Female,Unemployed,210659,523,2000000,10,0.13103724491949,Yes,Pays,Yes
37,Male,Part-Time,76761,593,2000000,8,0.6486236681093003,Yes,Doesn't Pay,No
48,Male,Part-Time,386671,568,2000000,7,0.07515068307968609,Yes,Doesn't Pay,No
58,Male,Unemployed,168342,615,2000000,4,0.8180603073806527,Yes,Doesn't Pay,No
48,Male,Self-Employed,478081,635,2000000,10,0.1679895456913508,Yes,Doesn't Pay,No
53,Female,Part-Time,347223,345,2000000,7,0.5453678147555541,Yes,Doesn't Pay,No
57,Male,Part-Time,128018,348,2000000,8,0.1473814941720981,Yes,Doesn't Pay,No
46,Male,Part-Time,222985,321,2000000,8,0.628834075573226,Yes,Pays,No
43,Male,Self-Employed,296716,338,2000000,8,0.9411891031630438,Yes,Pays,No
26,Female,Unemployed,457728,486,2000000,10,0.8391214090592518,Yes,Pays,No
56,Female,Part-Time,81323,658,2000000,10,0.2017547114986102,Yes,Pays,Yes
21,Female,Unemployed,129951,315,2000000,3,0.9914677117404329,Yes,Pays,No
41,Female,Part-Time,262773,774,2000000,3,0.6789607590455682,Yes,Doesn't Pay,No
34,Male,Unemployed,253662,439,2000000,4,0.1550893932058658,Yes,Doesn't Pay,No
29,Female,Part-Time,336602,574,2000000,10,0.2224444517142834,Yes,Pays,Yes
65,Female,Part-Time,192151,782,2000000,5,0.05532952519541134,Yes,Pays,Yes
37,Male,Self-Employed,401575,815,2000000,9,0.7496139902720655,Yes,Pays,No
28,Male,Self-Employed,134516,677,2000000,5,0.942443521188838,Yes,Pays,No
28,Male,Part-Time,52793,638,2000000,7,0.1506789835012811,Yes,Pays,Yes
21,Female,Unemployed,223538,767,2000000,5,0.6827133418620162,Yes,Pays,No
43,Female,Self-Employed,366385,346,2000000,3,0.3504950461808332,No,Pays,No
28,Female,Unemployed,279898,681,2000000,10,0.4306604836764967,Yes,Pays,No
35,Male,Self-Employed,339907,860,2000000,4,0.8557154845133692,Yes,Doesn't Pay,No
65,Male,Part-Time,243695,457,2000000,10,0.5499673861418104,No,Doesn't Pay,No
53,Female,Full-Time,390030,404,2000000,7,0.2474177034898246,Yes,Doesn't Pay,No
32,Female,Self-Employed,213901,786,2000000,3,0.6910720167688195,Yes,Pays,No
60,Female,Full-Time,110260,390,2000000,4,0.1042600790909806,No,Pays,No
50,Male,Self-Employed,119328,684,2000000,10,0.2212394175888326,Yes,Pays,Yes
36,Female,Unemployed,76413,579,2000000,8,0.1281895053957276,Yes,Pays,Yes
62,Male,Unemployed,86015,604,2000000,4,0.7584796411159359,Yes,Doesn't Pay,No
46,Male,Part-Time,262724,324,2000000,5,0.9656349203032487,Yes,Doesn't Pay,No
50,Female,Part-Time,269480,815,2000000,7,0.5363664403212683,Yes,Doesn't Pay,No
40,Female,Full-Time,80378,898,2000000,7,0.2283710323464743,Yes,Doesn't Pay,No
37,Female,Self-Employed,388923,890,2000000,8,0.7184679273649133,Yes,Doesn't Pay,No
41,Female,Part-Time,388095,522,2000000,9,0.741559439466642,Yes,Doesn't Pay,No
37,Male,Part-Time,190249,335,2000000,10,0.8733621244091005,Yes,Doesn't Pay,No
35,Female,Self-Employed,413797,474,2000000,10,0.3994040909632458,Yes,Pays,No
47,Male,Unemployed,271319,501,2000000,4,0.8818788721609284,Yes,Pays,No
23,Male,Full-Time,157869,823,2000000,4,0.2969197208899732,Yes,Pays,Yes
52,Male,Self-Employed,278858,415,2000000,9,0.4395703023789839,Yes,Pays,No
29,Male,Self-Employed,196534,601,2000000,8,0.6111475411613446,Yes,Pays,No
28,Female,Unemployed,250660,683,2000000,8,0.2271674899314384,Yes,Doesn't Pay,No
32,Female,Full-Time,227118,576,2000000,9,0.2104342478170265,Yes,Pays,Yes
50,Female,Part-Time,282486,444,2000000,10,0.8254377781407995,No,Pays,No
48,Female,Self-Employed,480294,847,2000000,3,0.03266543566719837,Yes,Pays,Yes
49,Male,Self-Employed,147685,424,2000000,3,0.5538024684294364,Yes,Pays,No
48,Male,Part-Time,305711,557,2000000,4,0.615602809276056,No,Doesn't Pay,No
41,Male,Unemployed,94442,425,2000000,9,0.7196761417079978,Yes,Doesn't Pay,No
45,Female,Full-Time,439774,548,2000000,9,0.22733755606314,Yes,Pays,Yes
24,Female,Full-Time,327881,371,2000000,5,0.9284466330377885,Yes,Pays,No
34,Female,Full-Time,147739,420,2000000,7,0.7244121501650753,Yes,Doesn't Pay,No
25,Male,Unemployed,432610,875,2000000,7,0.9545930998998459,Yes,Pays,No
38,Female,Unemployed,287512,759,2000000,3,0.9595981315600834,Yes,Pays,No
41,Female,Self-Employed,463025,303,2000000,3,0.1219495148516856,Yes,Pays,Yes
46,Male,Unemployed,445610,462,2000000,10,0.6805390006559809,Yes,Doesn't Pay,No
49,Male,Full-Time,407639,879,2000000,8,0.1266600358984172,Yes,Pays,Yes
37,Female,Full-Time,60344,487,2000000,3,0.731459791980617,Yes,Pays,No
60,Male,Self-Employed,251012,488,2000000,4,0.5350268832614895,Yes,Pays,No
47,Female,Part-Time,464897,753,2000000,9,0.3619337991266904,Yes,Pays,No
50,Male,Self-Employed,261562,483,2000000,10,0.7200918732539252,Yes,Doesn't Pay,No
55,Female,Self-Employed,462334,735,2000000,4,0.5588989415083185,Yes,Pays,No
37,Female,Full-Time,238242,584,2000000,8,0.193807485068093,Yes,Pays,Yes
37,Male,Unemployed,226536,419,2000000,5,0.6895728451042672,No,Doesn't Pay,No
26,Male,Unemployed,262530,617,2000000,9,0.2365541158073938,Yes,Pays,Yes
54,Female,Part-Time,440048,507,2000000,8,0.9580018985185144,Yes,Pays,No
28,Female,Self-Employed,276440,593,2000000,5,0.5037351238478822,Yes,Pays,No
23,Female,Full-Time,362178,397,2000000,9,0.4910096167840339,Yes,Pays,No
49,Female,Part-Time,90033,756,2000000,4,0.3112388971382803,Yes,Pays,No
46,Male,Unemployed,315824,491,2000000,4,0.7655022412203973,Yes,Doesn't Pay,No
45,Female,Part-Time,437239,529,2000000,9,0.5427619317977163,No,Pays,No
64,Female,Self-Employed,289354,541,2000000,7,0.5109981455843392,Yes,Doesn't Pay,No
47,Male,Self-Employed,359330,526,2000000,3,0.2054490636086984,Yes,Pays,Yes
32,Female,Unemployed,165697,718,2000000,5,0.1327871765748044,Yes,Pays,Yes
55,Female,Self-Employed,319005,607,2000000,5,0.7446394001608562,No,Doesn't Pay,No
50,Female,Full-Time,162863,563,2000000,9,0.4162284891894432,Yes,Pays,No
48,Male,Part-Time,57617,305,2000000,4,0.7215367432117255,Yes,Doesn't Pay,No
63,Male,Self-Employed,220757,572,2000000,4,0.7986015220509403,Yes,Doesn't Pay,No
53,Male,Self-Employed,330876,497,2000000,10,0.5003827947641691,Yes,Pays,No
64,Female,Unemployed,274411,456,2000000,10,0.2081138623957829,Yes,Doesn't Pay,No
27,Female,Part-Time,115805,314,2000000,9,0.07069524238773695,Yes,Pays,Yes
46,Female,Unemployed,98640,326,2000000,5,0.431056216435355,Yes,Pays,No
35,Female,Self-Employed,106680,842,2000000,9,0.9233093631310892,No,Pays,No
37,Male,Part-Time,196486,307,2000000,8,0.3959272701518767,Yes,Doesn't Pay,No
50,Male,Part-Time,385972,822,2000000,5,0.7147162382035949,Yes,Doesn't Pay,No
60,Female,Part-Time,86239,738,2000000,4,0.4526234940393858,Yes,Pays,No
47,Female,Unemployed,449817,819,2000000,5,0.8879575026316262,Yes,Doesn't Pay,No
21,Female,Unemployed,498939,440,2000000,3,0.3198247681656173,Yes,Doesn't Pay,No
38,Male,Full-Time,375066,765,2000000,5,0.8405116160786493,Yes,Doesn't Pay,No
65,Male,Unemployed,358719,675,2000000,9,0.9219052829485664,Yes,Pays,No
46,Female,Part-Time,211592,365,2000000,4,0.4469929478180343,Yes,Pays,No
48,Male,Self-Employed,128733,562,2000000,10,0.2239967867077447,Yes,Pays,Yes
44,Female,Part-Time,128337,370,2000000,7,0.06665378630019847,Yes,Pays,Yes
25,Female,Self-Employed,234366,563,2000000,3,0.6435709287998516,No,Doesn't Pay,No
47,Female,Unemployed,373671,681,2000000,4,0.8259638276645342,Yes,Pays,No
31,Female,Self-Employed,299071,683,2000000,7,0.8981096720167174,Yes,Pays,No
52,Male,Self-Employed,248036,456,2000000,4,0.9669561791126604,Yes,Doesn't Pay,No
39,Male,Part-Time,398742,442,2000000,9,0.9031740025291356,Yes,Pays,No
50,Female,Self-Employed,476713,872,2000000,9,0.5461184196566937,No,Pays,No
52,Female,Self-Employed,377860,430,2000000,9,0.8829340294484144,Yes,Doesn't Pay,No
64,Male,Unemployed,157195,632,2000000,7,0.4158650210500042,Yes,Doesn't Pay,No
35,Female,Self-Employed,470775,811,2000000,7,0.5584869166522735,Yes,Pays,No
22,Female,Full-Time,182279,587,2000000,10,0.188042435913758,Yes,Doesn't Pay,No
45,Male,Full-Time,147507,708,2000000,10,0.3955400104127434,Yes,Doesn't Pay,No
65,Female,Part-Time,318554,813,2000000,5,0.2363852495734275,Yes,Pays,Yes
42,Female,Part-Time,138304,380,2000000,3,0.2763019276074105,Yes,Pays,Yes
61,Female,Part-Time,184368,385,2000000,3,0.1785420525144827,Yes,Pays,Yes
30,Female,Unemployed,441871,742,2000000,4,0.485123026822687,Yes,Pays,No
34,Male,Full-Time,288029,395,2000000,4,0.5816632920329065,Yes,Pays,No
41,Female,Self-Employed,496509,765,2000000,4,0.2888642259269663,Yes,Pays,Yes
43,Male,Self-Employed,196177,397,2000000,3,0.6312581320832313,Yes,Doesn't Pay,No
35,Female,Full-Time,332226,815,2000000,8,0.4675994862183563,No,Pays,No
41,Female,Unemployed,52012,536,2000000,10,0.8324535174427973,Yes,Pays,No
25,Male,Self-Employed,186104,864,2000000,7,0.9883824028663273,Yes,Doesn't Pay,No
50,Female,Unemployed,384053,530,2000000,9,0.05316262774106095,Yes,Pays,Yes
60,Female,Unemployed,83404,550,2000000,3,0.6500170770464356,Yes,Pays,No
35,Male,Unemployed,342208,567,2000000,5,0.2051110973735448,Yes,Doesn't Pay,No
36,Male,Unemployed,221576,744,2000000,4,0.9844182840230825,Yes,Pays,No
21,Male,Self-Employed,441791,459,2000000,5,0.5642582275766418,Yes,Doesn't Pay,No
44,Male,Self-Employed,240164,667,2000000,10,0.8553248729004637,Yes,Doesn't Pay,No
53,Male,Unemployed,445341,841,2000000,5,0.2055199206384738,Yes,Pays,Yes
45,Female,Self-Employed,369791,812,2000000,3,0.2909826913217161,Yes,Pays,Yes
44,Male,Self-Employed,158112,873,2000000,7,0.008885840361809061,Yes,Doesn't Pay,No
43,Female,Full-Time,441076,481,2000000,10,0.6964847576893504,Yes,Pays,No
36,Female,Unemployed,205597,534,2000000,10,0.9223661296188665,Yes,Doesn't Pay,No
32,Male,Full-Time,251030,816,2000000,4,0.5175192427559574,Yes,Pays,No
56,Female,Unemployed,203213,760,2000000,7,0.3934722946386483,Yes,Doesn't Pay,No
42,Female,Self-Employed,459352,849,2000000,10,0.1259636464944816,Yes,Doesn't Pay,No
41,Female,Part-Time,489350,848,2000000,3,0.9322630180243717,Yes,Doesn't Pay,No
29,Male,Self-Employed,89089,817,2000000,10,0.5790165444688326,Yes,Doesn't Pay,No
35,Female,Part-Time,488019,821,2000000,4,0.4258241182946353,Yes,Doesn't Pay,No
37,Female,Part-Time,80242,492,2000000,3,0.937590512444944,Yes,Doesn't Pay,No
62,Male,Unemployed,406217,348,2000000,7,0.910427698907855,No,Doesn't Pay,No
49,Male,Unemployed,380152,312,2000000,8,0.02105335270866782,Yes,Pays,Yes
30,Male,Part-Time,238333,656,2000000,4,0.8437728910443565,Yes,Doesn't Pay,No
25,Female,Unemployed,486682,806,2000000,7,0.8241859684583626,Yes,Doesn't Pay,No
47,Male,Full-Time,457086,733,2000000,10,0.04934302457785777,Yes,Doesn't Pay,No
23,Male,Unemployed,181478,631,2000000,5,0.966886410603359,Yes,Doesn't Pay,No
45,Male,Self-Employed,484688,451,2000000,4,0.3629625579177155,Yes,Pays,No
48,Male,Part-Time,218136,654,2000000,3,0.6982463843135486,Yes,Doesn't Pay,No
59,Male,Unemployed,423756,335,2000000,7,0.1684728357937327,Yes,Doesn't Pay,No
36,Male,Full-Time,310255,799,2000000,10,0.1400952792171041,Yes,Pays,Yes
37,Female,Part-Time,98628,675,2000000,3,0.08314967640072135,Yes,Doesn't Pay,No
45,Male,Unemployed,94703,419,2000000,9,0.1313760635611011,Yes,Doesn't Pay,No
40,Male,Self-Employed,127960,649,2000000,9,0.1172659073818364,Yes,Pays,Yes
27,Female,Unemployed,326592,731,2000000,8,0.274843488126353,Yes,Doesn't Pay,No
31,Male,Unemployed,418524,562,2000000,7,0.1994398628807756,Yes,Doesn't Pay,No
60,Female,Self-Employed,59886,437,2000000,9,0.9132321078572668,Yes,Pays,No
39,Female,Full-Time,320201,327,2000000,9,0.9849805385323406,Yes,Pays,No
56,Female,Part-Time,236254,386,2000000,9,0.1766213296559639,Yes,Pays,Yes
61,Male,Self-Employed,62535,468,2000000,10,0.2334396903069167,Yes,Pays,Yes
44,Male,Unemployed,344520,300,2000000,8,0.2280679319562871,Yes,Doesn't Pay,No
60,Male,Full-Time,125656,412,2000000,8,0.8447925370531155,Yes,Doesn't Pay,No
42,Female,Self-Employed,417842,599,2000000,4,0.6551288051690886,Yes,Doesn't Pay,No
65,Male,Part-Time,432354,534,2000000,10,0.4232912106488663,Yes,Pays,No
39,Male,Part-Time,403966,814,2000000,8,0.3225958524118733,Yes,Pays,No
28,Female,Part-Time,113277,377,2000000,8,0.1321074582199697,Yes,Pays,Yes
34,Female,Unemployed,209334,307,2000000,5,0.8185840191671013,Yes,Doesn't Pay,No
55,Female,Full-Time,120282,313,2000000,9,0.8062565329637388,Yes,Doesn't Pay,No
41,Male,Unemployed,343723,628,2000000,9,0.6380357622531394,Yes,Pays,No
35,Male,Full-Time,368449,678,2000000,7,0.2302730916245875,Yes,Doesn't Pay,No
23,Female,Part-Time,285579,529,2000000,7,0.1308652217263823,Yes,Pays,Yes
25,Male,Full-Time,362900,805,2000000,7,0.2792147191090897,Yes,Pays,Yes
44,Male,Full-Time,484272,769,2000000,10,0.9290706858407711,Yes,Doesn't Pay,No
33,Female,Part-Time,255731,341,2000000,5,0.574678787289984,Yes,Pays,No
29,Female,Self-Employed,433286,629,2000000,9,0.2197423005348021,Yes,Doesn't Pay,No
40,Male,Part-Time,456161,862,2000000,7,0.25407874638491,Yes,Doesn't Pay,No
26,Female,Full-Time,149763,356,2000000,8,0.4307411279961384,Yes,Pays,No
31,Female,Full-Time,166366,848,2000000,9,0.7479658517939192,Yes,Doesn't Pay,No
48,Female,Part-Time,270984,414,2000000,3,0.08446190966819567,Yes,Doesn't Pay,No
63,Male,Self-Employed,309521,861,2000000,7,0.5477536784249206,Yes,Pays,No
42,Male,Part-Time,424671,692,2000000,4,0.04496665188126625,Yes,Doesn't Pay,No
37,Male,Full-Time,268882,735,2000000,9,0.01870287069976218,Yes,Pays,Yes
32,Male,Unemployed,197235,847,2000000,3,0.7360730648731189,Yes,Doesn't Pay,No
51,Female,Unemployed,358987,513,2000000,9,0.4134734716221147,Yes,Pays,No
61,Male,Full-Time,368452,685,2000000,10,0.7155683367168666,Yes,Pays,No
44,Male,Unemployed,143630,652,2000000,4,0.5404106619335398,Yes,Pays,No
41,Male,Part-Time,402507,851,2000000,7,0.6377704188628193,Yes,Doesn't Pay,No
34,Female,Full-Time,282622,805,2000000,3,0.8817849040714588,Yes,Doesn't Pay,No
22,Female,Unemployed,121442,810,2000000,7,0.2474116849432355,Yes,Pays,Yes
65,Male,Self-Employed,58066,523,2000000,10,0.8965560181871041,Yes,Pays,No
27,Female,Full-Time,465077,501,2000000,9,0.6955640903783737,Yes,Pays,No
39,Male,Unemployed,379292,418,2000000,3,0.09586213562125312,Yes,Pays,Yes
54,Female,Full-Time,470408,809,2000000,4,0.3989600281932058,Yes,Pays,No
59,Female,Unemployed,98743,568,2000000,7,0.9310559174863219,Yes,Pays,No
22,Male,Part-Time,192502,542,2000000,9,0.6290160832258539,Yes,Doesn't Pay,No
56,Female,Unemployed,397142,400,2000000,10,0.02150080999889925,No,Doesn't Pay,No
57,Female,Part-Time,64280,524,2000000,9,0.4974974490334517,Yes,Pays,No
46,Female,Self-Employed,219720,461,2000000,8,0.6259286145900835,No,Doesn't Pay,No
59,Female,Full-Time,122144,346,2000000,7,0.5202154021535654,No,Pays,No
55,Female,Self-Employed,253902,517,2000000,10,0.634048119085374,Yes,Doesn't Pay,No
23,Female,Full-Time,61048,606,2000000,3,0.1926550707709237,No,Doesn't Pay,No
61,Female,Part-Time,156416,674,2000000,7,0.842265328611552,Yes,Pays,No
34,Male,Self-Employed,268355,597,2000000,7,0.9911522687302331,Yes,Doesn't Pay,No
51,Male,Unemployed,332422,893,2000000,3,0.7318572642473222,Yes,Doesn't Pay,No
49,Male,Self-Employed,188837,494,2000000,5,0.7290426285281342,Yes,Pays,No
65,Female,Unemployed,236579,379,2000000,9,0.5779542276894971,Yes,Pays,No
55,Male,Unemployed,206263,718,2000000,4,0.7860576019939928,Yes,Pays,No
38,Female,Part-Time,318954,576,2000000,10,0.8931473369661512,Yes,Pays,No
30,Female,Self-Employed,235185,884,2000000,4,0.4641771662371611,No,Doesn't Pay,No
33,Female,Self-Employed,428075,407,2000000,10,0.5151026847297376,Yes,Doesn't Pay,No
42,Female,Part-Time,260630,562,2000000,9,0.6909524315540411,Yes,Doesn't Pay,No
58,Male,Unemployed,74768,617,2000000,5,0.1656396765183756,Yes,Doesn't Pay,No
43,Female,Full-Time,291826,323,2000000,8,0.9505805619898484,Yes,Doesn't Pay,No
38,Male,Self-Employed,68366,385,2000000,7,0.1562083755110558,Yes,Pays,Yes
34,Male,Self-Employed,250809,409,2000000,8,0.990806829957695,Yes,Pays,No
54,Male,Self-Employed,388290,443,2000000,10,0.7172654851009783,Yes,Doesn't Pay,No
55,Female,Part-Time,312541,322,2000000,7,0.8555568377858905,Yes,Doesn't Pay,No
33,Male,Full-Time,252902,786,2000000,7,0.7320389997230746,Yes,Pays,No
63,Female,Full-Time,240661,567,2000000,10,0.1792608332247732,Yes,Doesn't Pay,No
65,Female,Unemployed,318198,644,2000000,4,0.6589516987445179,Yes,Pays,No
33,Female,Full-Time,290142,758,2000000,5,0.9760827537421276,Yes,Pays,No
45,Male,Part-Time,202002,469,2000000,3,0.936113508982821,Yes,Doesn't Pay,No
24,Female,Self-Employed,188512,499,2000000,3,0.6504112256720688,Yes,Doesn't Pay,No
35,Female,Unemployed,403586,807,2000000,7,0.8793911870216915,Yes,Pays,No
35,Female,Unemployed,338211,433,2000000,8,0.9338203657796896,Yes,Doesn't Pay,No
40,Female,Part-Time,392614,628,2000000,9,0.6375382071843253,Yes,Doesn't Pay,No
29,Female,Full-Time,267270,640,2000000,8,0.934876343323007,Yes,Pays,No
40,Male,Unemployed,182201,805,2000000,10,0.3033754619791467,Yes,Doesn't Pay,No
63,Male,Self-Employed,84806,771,2000000,5,0.2942698970318417,Yes,Doesn't Pay,No
22,Male,Unemployed,62745,414,2000000,4,0.289227099359961,Yes,Doesn't Pay,No
51,Male,Self-Employed,237936,783,2000000,10,0.0113331258592424,Yes,Pays,Yes
49,Female,Self-Employed,484179,515,2000000,7,0.3756956592076877,Yes,Pays,No
51,Female,Part-Time,132625,596,2000000,5,0.6541124395617174,Yes,Pays,No
65,Female,Unemployed,122786,779,2000000,8,0.5388634497457097,Yes,Doesn't Pay,No
56,Female,Unemployed,384394,454,2000000,5,0.8083243899600443,Yes,Pays,No
53,Female,Unemployed,350800,830,2000000,4,0.2642114062547286,Yes,Doesn't Pay,No
21,Male,Full-Time,480460,407,2000000,8,0.08431010569643593,Yes,Doesn't Pay,No
55,Female,Part-Time,319162,470,2000000,9,0.2598391010120404,Yes,Pays,Yes
38,Female,Unemployed,296271,789,2000000,4,0.1700112972261855,Yes,Pays,Yes
28,Male,Self-Employed,411924,309,2000000,8,0.2014130135091612,Yes,Pays,Yes
35,Male,Part-Time,185209,463,2000000,9,0.6659708575068171,Yes,Pays,No
27,Female,Unemployed,206963,435,2000000,8,0.8247908163519893,Yes,Pays,No
65,Male,Unemployed,182471,659,2000000,8,0.7875308300165942,Yes,Doesn't Pay,No
33,Female,Self-Employed,243841,561,2000000,5,0.4943489568135869,Yes,Doesn't Pay,No
38,Female,Self-Employed,397813,608,2000000,7,0.5965489699853241,Yes,Doesn't Pay,No
53,Male,Full-Time,61835,480,2000000,8,0.7522119972654815,Yes,Pays,No
46,Male,Unemployed,299549,591,2000000,5,0.1365441747521297,Yes,Pays,Yes
44,Male,Self-Employed,374735,617,2000000,10,0.8345014804056848,Yes,Doesn't Pay,No
49,Male,Self-Employed,375325,638,2000000,3,0.3827692912635252,Yes,Pays,No
40,Female,Full-Time,72029,539,2000000,4,0.4350788691609406,Yes,Pays,No
62,Male,Full-Time,453115,553,2000000,4,0.7181164704696142,Yes,Doesn't Pay,No
47,Female,Unemployed,477263,442,2000000,3,0.2236912975142145,Yes,Pays,Yes
56,Female,Unemployed,64245,761,2000000,7,0.187809772607489,Yes,Pays,Yes
39,Female,Full-Time,208635,664,2000000,8,0.04940712884682052,Yes,Doesn't Pay,No
32,Female,Self-Employed,339951,847,2000000,3,0.9477404295495453,Yes,Doesn't Pay,No
21,Male,Full-Time,123253,398,2000000,5,0.01192801799828602,Yes,Doesn't Pay,No
51,Male,Part-Time,134246,799,2000000,5,0.5838548501830155,Yes,Doesn't Pay,No
25,Female,Self-Employed,274833,851,2000000,4,0.05900244199580384,No,Pays,No
56,Male,Full-Time,297406,407,2000000,9,0.4472535741711672,Yes,Pays,No
33,Male,Part-Time,396155,520,2000000,3,0.2286947556145976,Yes,Pays,Yes
59,Female,Unemployed,132400,450,2000000,3,0.3073885722656835,Yes,Doesn't Pay,No
59,Male,Full-Time,465375,309,2000000,5,0.6540786883560599,Yes,Pays,No
55,Female,Unemployed,442815,869,2000000,9,0.2406318727032639,Yes,Doesn't Pay,No
25,Male,Unemployed,424397,772,2000000,5,0.5443320688071818,Yes,Doesn't Pay,No
49,Female,Full-Time,440265,387,2000000,4,0.9564222152052992,No,Doesn't Pay,No
21,Male,Part-Time,207472,525,2000000,3,0.05790297583661341,Yes,Pays,Yes
23,Female,Part-Time,68064,438,2000000,5,0.9983555162351607,Yes,Pays,No
56,Male,Self-Employed,463800,486,2000000,8,0.8643880324037911,Yes,Pays,No
30,Male,Full-Time,493694,553,2000000,7,0.6806815181756383,Yes,Doesn't Pay,No
57,Male,Unemployed,435782,612,2000000,7,0.5328702737745823,Yes,Pays,No
36,Female,Full-Time,226098,634,2000000,3,0.04883887343194726,Yes,Doesn't Pay,No
33,Female,Unemployed,482257,857,2000000,8,0.4098714616523039,Yes,Pays,No
39,Male,Self-Employed,108130,416,2000000,10,0.7643892722828645,Yes,Doesn't Pay,No
26,Male,Unemployed,130423,300,2000000,8,0.9407314505539562,Yes,Pays,No
25,Female,Part-Time,413145,400,2000000,5,0.3317080625124255,Yes,Doesn't Pay,No
24,Female,Unemployed,494279,313,2000000,7,0.9046973967833627,Yes,Pays,No
34,Female,Unemployed,83269,411,2000000,8,0.2106820279851278,Yes,Pays,Yes
27,Female,Unemployed,331732,770,2000000,10,0.6194317277524141,Yes,Doesn't Pay,No
64,Male,Part-Time,71441,819,2000000,7,0.9377985121963379,Yes,Doesn't Pay,No
35,Male,Self-Employed,342732,758,2000000,8,0.5139173290164637,Yes,Doesn't Pay,No
21,Male,Unemployed,241616,532,2000000,5,0.6692380437623551,Yes,Doesn't Pay,No
24,Female,Unemployed,380460,893,2000000,8,0.8762083977828728,Yes,Pays,No
24,Female,Part-Time,369073,892,2000000,7,0.2193643177018302,Yes,Doesn't Pay,No
64,Male,Part-Time,246514,575,2000000,8,0.09775090649687068,Yes,Doesn't Pay,No
22,Female,Self-Employed,317154,318,2000000,10,0.1400914272636,Yes,Doesn't Pay,No
21,Male,Self-Employed,95748,666,2000000,5,0.9531525513313059,Yes,Pays,No
61,Female,Part-Time,180778,634,2000000,3,0.2679447017987555,Yes,Pays,Yes
64,Female,Part-Time,171369,584,2000000,7,0.8896553087702704,Yes,Doesn't Pay,No
44,Male,Unemployed,114691,448,2000000,8,0.214636175228662,Yes,Pays,Yes
37,Female,Full-Time,397452,831,2000000,5,0.2530218321628614,Yes,Doesn't Pay,No
40,Female,Self-Employed,224818,671,2000000,8,0.2247466639279144,Yes,Doesn't Pay,No
39,Male,Full-Time,145525,792,2000000,8,0.29337830615765,Yes,Doesn't Pay,No
27,Female,Full-Time,125065,846,2000000,8,0.6417662769156479,No,Pays,No
35,Male,Full-Time,483551,665,2000000,3,0.6087349518861548,Yes,Doesn't Pay,No
27,Female,Full-Time,110636,853,2000000,3,0.2181438719846212,Yes,Doesn't Pay,No
63,Female,Part-Time,176032,710,2000000,10,0.691021106831672,Yes,Pays,No
54,Female,Full-Time,88464,765,2000000,5,0.8063103363692842,Yes,Pays,No
62,Female,Unemployed,123786,722,2000000,5,0.09440761743021209,Yes,Doesn't Pay,No
43,Female,Full-Time,104769,347,2000000,3,0.3753891338949512,Yes,Doesn't Pay,No
30,Male,Part-Time,407962,728,2000000,8,0.8223918853781348,Yes,Doesn't Pay,No
62,Female,Part-Time,228888,382,2000000,10,0.1987129351189701,Yes,Pays,Yes
44,Female,Self-Employed,166321,570,2000000,5,0.410262584653738,Yes,Pays,No
59,Male,Part-Time,460612,509,2000000,9,0.5730760226035123,Yes,Pays,No
32,Female,Self-Employed,177587,652,2000000,4,0.4119579491159829,Yes,Pays,No
22,Male,Unemployed,424964,450,2000000,5,0.4670877614904128,Yes,Doesn't Pay,No
22,Male,Full-Time,239492,415,2000000,7,0.1078118877336744,Yes,Pays,Yes
35,Male,Part-Time,456382,691,2000000,5,0.3834259621019163,Yes,Doesn't Pay,No
56,Female,Part-Time,219699,704,2000000,7,0.2655380994102247,No,Doesn't Pay,No
42,Female,Self-Employed,349336,384,2000000,3,0.2562386294403316,Yes,Pays,Yes
62,Female,Unemployed,449098,359,2000000,4,0.7152118534756643,Yes,Doesn't Pay,No
44,Male,Full-Time,414286,381,2000000,3,0.9214092017141565,Yes,Doesn't Pay,No
38,Female,Full-Time,248746,584,2000000,9,0.6384690934259489,Yes,Doesn't Pay,No
39,Female,Unemployed,497050,735,2000000,10,0.1271287216362117,Yes,Pays,Yes
59,Male,Full-Time,209349,416,2000000,7,0.0530317146254573,Yes,Pays,Yes
41,Male,Self-Employed,251601,795,2000000,4,0.7970262343570002,Yes,Pays,No
53,Male,Self-Employed,114376,301,2000000,10,0.03286053143513967,Yes,Pays,Yes
37,Male,Full-Time,140616,389,2000000,8,0.2433101010052283,Yes,Pays,Yes
63,Male,Self-Employed,459360,797,2000000,10,0.5010308450895711,Yes,Doesn't Pay,No
64,Female,Self-Employed,207786,522,2000000,10,0.2960236621376585,Yes,Doesn't Pay,No
49,Male,Full-Time,248787,810,2000000,8,0.916427740994028,Yes,Doesn't Pay,No
43,Male,Full-Time,395214,675,2000000,4,0.213303703086267,Yes,Doesn't Pay,No
34,Female,Self-Employed,178295,770,2000000,4,0.8330657265681198,Yes,Doesn't Pay,No
38,Male,Part-Time,481890,474,2000000,7,0.2327767327127701,Yes,Doesn't Pay,No
62,Male,Part-Time,398555,643,2000000,10,0.8561545908543986,Yes,Pays,No
64,Female,Full-Time,214386,428,2000000,4,0.4573618564499693,Yes,Doesn't Pay,No
65,Female,Part-Time,68666,326,2000000,3,0.667770430053862,No,Pays,No
53,Female,Unemployed,496880,715,2000000,8,0.2704400080745412,Yes,Doesn't Pay,No
60,Female,Unemployed,480656,868,2000000,7,0.2692276223696185,Yes,Pays,Yes
22,Female,Part-Time,240062,406,2000000,3,0.5351009979120387,No,Doesn't Pay,No
25,Female,Part-Time,196653,894,2000000,8,0.09703309862890397,Yes,Doesn't Pay,No
56,Female,Full-Time,415717,801,2000000,3,0.7012026155582908,Yes,Doesn't Pay,No
35,Female,Unemployed,151119,898,2000000,8,0.484192480704805,Yes,Doesn't Pay,No
59,Male,Unemployed,359659,753,2000000,10,0.3160878218199346,Yes,Pays,No
37,Female,Unemployed,401027,419,2000000,9,0.5041525222129983,Yes,Doesn't Pay,No
26,Female,Full-Time,99414,337,2000000,5,0.5164044490073404,No,Pays,No
25,Male,Self-Employed,300997,473,2000000,4,0.4434460328923967,Yes,Doesn't Pay,No
24,Female,Part-Time,368992,860,2000000,10,0.3111053610826696,Yes,Doesn't Pay,No
65,Female,Unemployed,252668,562,2000000,5,0.2941105880048093,Yes,Doesn't Pay,No
21,Female,Full-Time,126497,817,2000000,7,0.8598339744221927,Yes,Pays,No
41,Female,Part-Time,157502,529,2000000,8,0.8121846796997706,Yes,Doesn't Pay,No
26,Female,Part-Time,347168,514,2000000,4,0.3484984468272911,Yes,Pays,No
30,Male,Unemployed,157763,431,2000000,9,0.258901294644491,Yes,Pays,Yes
42,Female,Full-Time,255828,323,2000000,9,0.9920682300999946,Yes,Doesn't Pay,No
39,Male,Part-Time,182075,362,2000000,4,0.01899284854096761,Yes,Doesn't Pay,No
35,Female,Part-Time,179686,579,2000000,4,0.9832069601408395,Yes,Doesn't Pay,No
64,Male,Unemployed,218717,401,2000000,4,0.1029786693702475,Yes,Pays,Yes
31,Male,Unemployed,257761,377,2000000,7,0.3742889182708511,Yes,Doesn't Pay,No
43,Male,Part-Time,61121,672,2000000,10,0.9874188844141354,Yes,Pays,No
23,Male,Full-Time,207059,328,2000000,5,0.3720769604450753,Yes,Doesn't Pay,No
62,Female,Unemployed,244076,886,2000000,8,0.2006083507285884,Yes,Pays,Yes
28,Male,Part-Time,180372,552,2000000,7,0.2348279045155485,Yes,Doesn't Pay,No
64,Male,Part-Time,375929,389,2000000,10,0.9552664456826917,Yes,Pays,No
57,Female,Self-Employed,343590,879,2000000,4,0.1857653764271927,Yes,Doesn't Pay,No
33,Male,Full-Time,220067,639,2000000,8,0.5972929413054137,Yes,Pays,No
57,Female,Unemployed,193060,363,2000000,9,0.371213925004853,Yes,Doesn't Pay,No
39,Female,Unemployed,248948,521,2000000,5,0.827967162502607,Yes,Doesn't Pay,No
61,Female,Part-Time,355252,514,2000000,4,0.1602635249604665,Yes,Pays,Yes
28,Male,Part-Time,69336,859,2000000,9,0.517655394119448,No,Doesn't Pay,No
22,Male,Self-Employed,325864,580,2000000,10,0.2112629339038133,Yes,Doesn't Pay,No
40,Female,Unemployed,234840,571,2000000,7,0.9579253927463806,Yes,Doesn't Pay,No
22,Male,Part-Time,185712,816,2000000,9,0.4521287131544239,Yes,Doesn't Pay,No
48,Female,Unemployed,327156,714,2000000,7,0.6467837516761089,Yes,Doesn't Pay,No
29,Male,Full-Time,58050,606,2000000,4,0.5159695160883409,Yes,Doesn't Pay,No
26,Female,Unemployed,433081,641,2000000,4,0.3698707796307036,Yes,Pays,No
26,Male,Unemployed,403315,423,2000000,5,0.519494064612407,Yes,Pays,No
34,Female,Unemployed,129268,344,2000000,5,0.7507038539285557,Yes,Doesn't Pay,No
41,Male,Full-Time,361302,335,2000000,5,0.9033249741723727,Yes,Doesn't Pay,No
22,Female,Unemployed,88505,552,2000000,10,0.4915066528294743,Yes,Pays,No
55,Female,Unemployed,117413,366,2000000,8,0.006062465528520411,No,Doesn't Pay,No
23,Female,Part-Time,240678,439,2000000,9,0.5128417395012989,Yes,Pays,No
48,Female,Part-Time,486912,564,2000000,10,0.6461577218078061,Yes,Doesn't Pay,No
56,Male,Part-Time,208658,712,2000000,3,0.1887056723719258,Yes,Doesn't Pay,No
36,Male,Full-Time,493240,761,2000000,7,0.4185153704486273,Yes,Doesn't Pay,No
40,Female,Self-Employed,350917,316,2000000,8,0.02090916772081586,Yes,Pays,Yes
44,Female,Self-Employed,340816,669,2000000,9,0.4151276684357923,Yes,Doesn't Pay,No
54,Female,Unemployed,52772,609,2000000,10,0.2040433378493753,No,Pays,No
54,Male,Full-Time,264635,771,2000000,8,0.2097308487116339,Yes,Pays,Yes
36,Male,Full-Time,87164,561,2000000,10,0.7225645040905118,Yes,Pays,No
35,Female,Self-Employed,477900,526,2000000,3,0.3995806267119805,Yes,Doesn't Pay,No
59,Male,Unemployed,475869,464,2000000,5,0.591782576944419,No,Pays,No
39,Male,Self-Employed,141198,437,2000000,3,0.4171609478202715,Yes,Pays,No
61,Female,Full-Time,256640,534,2000000,10,0.4699783423756466,Yes,Doesn't Pay,No
32,Male,Unemployed,124279,659,2000000,4,0.7075767067579414,Yes,Pays,No
52,Female,Unemployed,266330,846,2000000,8,0.1177245743338691,Yes,Doesn't Pay,No
50,Female,Self-Employed,299305,533,2000000,8,0.7597423729629555,Yes,Doesn't Pay,No
63,Female,Part-Time,319519,312,2000000,3,0.0975001284741065,Yes,Pays,Yes
63,Male,Unemployed,186305,720,2000000,3,0.2370013005702742,Yes,Pays,Yes
24,Female,Self-Employed,297525,656,2000000,10,0.9272405701718966,Yes,Doesn't Pay,No
58,Male,Full-Time,223212,615,2000000,10,0.1013643177032919,Yes,Pays,Yes
65,Female,Part-Time,256004,804,2000000,4,0.4337994567212464,Yes,Pays,No
26,Female,Self-Employed,319385,820,2000000,4,0.9530677010422812,Yes,Pays,No
60,Male,Self-Employed,283918,737,2000000,3,0.7981693011082525,No,Doesn't Pay,No
22,Female,Full-Time,234191,659,2000000,10,0.09933099338435547,Yes,Pays,Yes
52,Female,Full-Time,317110,769,2000000,8,0.1973558489972497,Yes,Pays,Yes
48,Female,Self-Employed,324132,588,2000000,5,0.4555766063945358,Yes,Pays,No
27,Male,Self-Employed,280532,565,2000000,7,0.4963238774264261,Yes,Doesn't Pay,No
54,Male,Part-Time,228671,433,2000000,10,0.7016239652085517,Yes,Pays,No
21,Male,Self-Employed,339781,643,2000000,8,0.9326412841529552,No,Doesn't Pay,No
25,Male,Full-Time,119212,553,2000000,4,0.2006296330876814,Yes,Doesn't Pay,No
52,Female,Part-Time,353185,357,2000000,10,0.5781104184937612,Yes,Pays,No
40,Female,Part-Time,85233,463,2000000,4,0.986581195630799,Yes,Pays,No
63,Male,Self-Employed,187028,611,2000000,9,0.7220176066937769,Yes,Doesn't Pay,No
55,Male,Part-Time,187303,614,2000000,7,0.2119289533301758,Yes,Doesn't Pay,No
58,Female,Self-Employed,235890,534,2000000,7,0.9438736176638867,No,Doesn't Pay,No
31,Female,Part-Time,495552,771,2000000,3,0.7960970374559136,Yes,Doesn't Pay,No
57,Female,Full-Time,358446,311,2000000,10,0.4702477387917745,Yes,Doesn't Pay,No
52,Male,Full-Time,359071,401,2000000,10,0.04451206343008374,Yes,Doesn't Pay,No
62,Female,Part-Time,53777,746,2000000,4,0.05954987630433217,Yes,Doesn't Pay,No
30,Male,Part-Time,115794,550,2000000,3,0.6972718395714625,No,Doesn't Pay,No
58,Male,Part-Time,103253,390,2000000,5,0.6766890525341537,Yes,Pays,No
64,Male,Unemployed,363445,511,2000000,8,0.1909779121485418,Yes,Pays,Yes
46,Male,Full-Time,374262,361,2000000,10,0.2818990517223845,Yes,Doesn't Pay,No
54,Female,Self-Employed,73535,612,2000000,5,0.8129153175606851,Yes,Doesn't Pay,No
59,Male,Full-Time,335188,565,2000000,9,0.3193808892597249,Yes,Pays,No
32,Male,Part-Time,428653,570,2000000,4,0.5126398179682661,No,Doesn't Pay,No
46,Female,Part-Time,326207,627,2000000,5,0.7289296158573243,Yes,Doesn't Pay,No
39,Male,Self-Employed,159217,783,2000000,3,0.7953091587322372,Yes,Pays,No
51,Male,Self-Employed,408171,309,2000000,7,0.08667435299776094,Yes,Pays,Yes
34,Female,Part-Time,272653,871,2000000,7,0.6104889665990327,Yes,Doesn't Pay,No
46,Male,Part-Time,410887,471,2000000,4,0.658899223774571,Yes,Doesn't Pay,No
24,Female,Full-Time,307523,374,2000000,5,0.8825295729586636,Yes,Doesn't Pay,No
